Pitcher,Pitcher_hand,Pitcher_team,Team,Away/Home,Opponent,Date,Batter,Batter_hand,Batter_team,Player,Season,K/9,BB/9,K/BB,HR/9,K%,BB%,K-BB%,AVG,WHIP,BABIP,LOB%,FIP,xFIP,GB/FB,LD%,GB%,FB%,Opp_BB%,Opp_K%,Opp_BB/K,Opp_AVG,Opp_OBP,Opp_SLG,Opp_OPS,Opp_ISO,Opp_BABIP,Opp_wRC,Opp_wRAA,Opp_wOBA,Opp_wRC+,Opp_GB/FB,Opp_LD%,Opp_GB%,Opp_FB%,High_GB/FB,Low_GB/FB,Opp_High_GB/FB,Opp_Low_GB/FB
Kris Bubic,L,KC,KC,Away,TOR,2022-07-17,Santiago Espinal,R,TOR,,,8.23,4.85,1.7,1.05,20.3%,12.0%,8.3%,0.271,1.59,0.32,60.7%,4.42,4.44,1.18,25.6%,40.3%,34.1%,9.8%,12.2%,0.8,0.356,0.415,0.575,0.99,0.219,0.377,17,7.2,0.42,175,1.3,28.1%,40.6%,31.3%,0,0,0,0
Kris Bubic,L,KC,KC,Away,TOR,2022-07-17,Vladimir Guerrero,R,TOR,,,8.23,4.85,1.7,1.05,20.3%,12.0%,8.3%,0.271,1.59,0.32,60.7%,4.42,4.44,1.18,25.6%,40.3%,34.1%,NA,NA,NA,NA,NA,NA,NA,NA,NA,NA,NA,NA,NA,NA,NA,NA,NA,0,0,0,0
Kris Bubic,L,KC,KC,Away,TOR,2022-07-17,Alejandro Kirk,R,TOR,,,8.23,4.85,1.7,1.05,20.3%,12.0%,8.3%,0.271,1.59,0.32,60.7%,4.42,4.44,1.18,25.6%,40.3%,34.1%,6.3%,9.4%,0.67,0.288,0.344,0.441,0.784,0.153,0.294,9,1.4,0.338,118,1.56,13.2%,52.8%,34.0%,0,0,0,0
Kris Bubic,L,KC,KC,Away,TOR,2022-07-17,Bo Bichette,R,TOR,,,8.23,4.85,1.7,1.05,20.3%,12.0%,8.3%,0.271,1.59,0.32,60.7%,4.42,4.44,1.18,25.6%,40.3%,34.1%,9.4%,26.6%,0.35,0.207,0.281,0.379,0.661,0.172,0.256,6,-1.0,0.291,84,1.27,17.1%,46.3%,36.6%,0,0,0,0
Kris Bubic,L,KC,KC,Away,TOR,2022-07-17,Teoscar Hernandez,R,TOR,,,8.23,4.85,1.7,1.05,20.3%,12.0%,8.3%,0.271,1.59,0.32,60.7%,4.42,4.44,1.18,25.6%,40.3%,34.1%,NA,NA,NA,NA,NA,NA,NA,NA,NA,NA,NA,NA,NA,NA,NA,NA,NA,0,0,0,0
Kris Bubic,L,KC,KC,Away,TOR,2022-07-17,Lourdes Gurriel Jr.,R,TOR,,,8.23,4.85,1.7,1.05,20.3%,12.0%,8.3%,0.271,1.59,0.32,60.7%,4.42,4.44,1.18,25.6%,40.3%,34.1%,3.3%,23.0%,0.14,0.271,0.295,0.339,0.634,0.068,0.356,6,-1.5,0.279,76,2.5,22.2%,55.6%,22.2%,0,0,1,0
Kris Bubic,L,KC,KC,Away,TOR,2022-07-17,Matt Chapman,R,TOR,,,8.23,4.85,1.7,1.05,20.3%,12.0%,8.3%,0.271,1.59,0.32,60.7%,4.42,4.44,1.18,25.6%,40.3%,34.1%,6.5%,14.5%,0.44,0.246,0.306,0.439,0.745,0.193,0.261,8,0.7,0.324,108,0.85,22.9%,35.4%,41.7%,0,0,0,0
Kris Bubic,L,KC,KC,Away,TOR,2022-07-17,Danny Jansen,R,TOR,,,8.23,4.85,1.7,1.05,20.3%,12.0%,8.3%,0.271,1.59,0.32,60.7%,4.42,4.44,1.18,25.6%,40.3%,34.1%,6.3%,6.3%,1.0,0.231,0.313,0.308,0.62,0.077,0.231,1,-0.4,0.278,75,0.71,7.7%,38.5%,53.8%,0,0,0,1
Kris Bubic,L,KC,KC,Away,TOR,2022-07-17,Bradley Zimmer,L,TOR,,,6.17,8.49,0.73,3.09,12.3%,16.9%,-4.6%,0.407,2.83,0.429,76.6%,9.02,6.48,1.47,17.8%,48.9%,33.3%,4.5%,45.5%,0.1,0.105,0.227,0.158,0.385,0.053,0.222,1,-2.0,0.195,17,5.0,14.3%,71.4%,14.3%,0,0,1,0
Jose Berrios,R,TOR,TOR,Home,KC,2022-07-17,Nicky Lopez,L,KC,,,NA,NA,NA,NA,NA,NA,NA,NA,NA,NA,NA,NA,NA,NA,NA,NA,NA,7.3%,14.1%,0.52,0.24,0.3,0.3,0.6,0.06,0.284,18,-6.9,0.271,72,2.0,18.7%,54.2%,27.1%,0,0,0,0
Jose Berrios,R,TOR,TOR,Home,KC,2022-07-17,Bobby Witt Jr.,R,KC,,,NA,NA,NA,NA,NA,NA,NA,NA,NA,NA,NA,NA,NA,NA,NA,NA,NA,6.1%,21.5%,0.29,0.271,0.322,0.467,0.789,0.196,0.316,36,6.3,0.34,121,0.91,18.8%,38.7%,42.5%,0,0,0,0
Jose Berrios,R,TOR,TOR,Home,KC,2022-07-17,Vinnie Pasquantino,L,KC,,,NA,NA,NA,NA,NA,NA,NA,NA,NA,NA,NA,NA,NA,NA,NA,NA,NA,14.5%,16.4%,0.89,0.178,0.327,0.311,0.638,0.133,0.176,6,-0.5,0.298,91,0.93,19.4%,38.9%,41.7%,0,0,0,0
Jose Berrios,R,TOR,TOR,Home,KC,2022-07-17,Edward Olivares,R,KC,,,NA,NA,NA,NA,NA,NA,NA,NA,NA,NA,NA,NA,NA,NA,NA,NA,NA,5.3%,21.1%,0.25,0.269,0.316,0.288,0.604,0.019,0.341,5,-1.7,0.273,73,2.0,26.8%,48.8%,24.4%,0,0,0,0
Jose Berrios,R,TOR,TOR,Home,KC,2022-07-17,Ryan O'Hearn,L,KC,,,NA,NA,NA,NA,NA,NA,NA,NA,NA,NA,NA,NA,NA,NA,NA,NA,NA,5.1%,33.9%,0.15,0.182,0.22,0.255,0.475,0.073,0.257,2,-4.6,0.211,30,5.25,30.6%,58.3%,11.1%,0,0,0,0
Jose Berrios,R,TOR,TOR,Home,KC,2022-07-17,Nate Eaton,R,KC,,,NA,NA,NA,NA,NA,NA,NA,NA,NA,NA,NA,NA,NA,NA,NA,NA,NA,4.8%,23.1%,0.21,0.263,0.301,0.453,0.754,0.19,0.306,19,1.8,0.326,110,1.72,24.0%,48.1%,27.9%,0,0,0,0
Jose Berrios,R,TOR,TOR,Home,KC,2022-07-17,Nick Pratto,L,KC,,,NA,NA,NA,NA,NA,NA,NA,NA,NA,NA,NA,NA,NA,NA,NA,NA,NA,8.7%,15.7%,0.55,0.246,0.323,0.474,0.797,0.228,0.267,18,3.5,0.345,124,0.97,24.5%,37.2%,38.3%,0,0,0,0
Jose Berrios,R,TOR,TOR,Home,KC,2022-07-17,Michael Massey,L,KC,,,NA,NA,NA,NA,NA,NA,NA,NA,NA,NA,NA,NA,NA,NA,NA,NA,NA,11.0%,24.0%,0.46,0.157,0.27,0.181,0.451,0.024,0.21,4,-7.2,0.22,36,1.22,17.7%,45.2%,37.1%,0,0,0,0
Jose Berrios,R,TOR,TOR,Home,KC,2022-07-17,Freddy Fermin,R,KC,,,NA,NA,NA,NA,NA,NA,NA,NA,NA,NA,NA,NA,NA,NA,NA,NA,NA,9.4%,30.6%,0.31,0.111,0.238,0.208,0.446,0.097,0.156,3,-6.4,0.216,34,0.86,13.3%,40.0%,46.7%,0,0,0,0
Spencer Strider,R,ATL,ATL,Away,WSH,2022-07-17,Cesar Hernandez,L,WSH,,,12.25,2.5,4.91,0.45,35.1%,7.1%,27.9%,0.179,0.91,0.267,78.9%,1.95,2.46,1.13,25.0%,39.8%,35.2%,NA,NA,NA,NA,NA,NA,NA,NA,NA,NA,NA,NA,NA,NA,NA,NA,NA,0,0,0,0
Spencer Strider,R,ATL,ATL,Away,WSH,2022-07-17,Keibert Ruiz,L,WSH,,,12.25,2.5,4.91,0.45,35.1%,7.1%,27.9%,0.179,0.91,0.267,78.9%,1.95,2.46,1.13,25.0%,39.8%,35.2%,6.4%,10.8%,0.59,0.261,0.315,0.378,0.693,0.117,0.282,23,-0.6,0.306,94,1.0,26.5%,36.7%,36.7%,0,0,0,0
Spencer Strider,R,ATL,ATL,Away,WSH,2022-07-17,Juan Soto,L,WSH,,,12.25,2.5,4.91,0.45,35.1%,7.1%,27.9%,0.179,0.91,0.267,78.9%,1.95,2.46,1.13,25.0%,39.8%,35.2%,22.0%,12.9%,1.7,0.267,0.431,0.539,0.97,0.272,0.261,46,19.7,0.417,169,1.48,13.4%,51.7%,34.9%,0,0,0,0
Spencer Strider,R,ATL,ATL,Away,WSH,2022-07-17,Josh Bell,L,WSH,,,12.25,2.5,4.91,0.45,35.1%,7.1%,27.9%,0.179,0.91,0.267,78.9%,1.95,2.46,1.13,25.0%,39.8%,35.2%,10.7%,15.0%,0.71,0.312,0.397,0.485,0.882,0.173,0.348,41,13.8,0.384,147,1.67,19.0%,50.6%,30.4%,0,0,0,0
Spencer Strider,R,ATL,ATL,Away,WSH,2022-07-17,Luis Garcia,L,WSH,,,12.25,2.5,4.91,0.45,35.1%,7.1%,27.9%,0.179,0.91,0.267,78.9%,1.95,2.46,1.13,25.0%,39.8%,35.2%,NA,NA,NA,NA,NA,NA,NA,NA,NA,NA,NA,NA,NA,NA,NA,NA,NA,0,0,0,0
Spencer Strider,R,ATL,ATL,Away,WSH,2022-07-17,Yadiel Hernandez,L,WSH,,,12.25,2.5,4.91,0.45,35.1%,7.1%,27.9%,0.179,0.91,0.267,78.9%,1.95,2.46,1.13,25.0%,39.8%,35.2%,6.2%,23.8%,0.26,0.275,0.321,0.444,0.765,0.169,0.336,26,3.3,0.331,111,1.92,21.6%,51.5%,26.9%,0,0,0,0
Spencer Strider,R,ATL,ATL,Away,WSH,2022-07-17,Maikel Franco,R,WSH,,,16.43,4.99,3.29,0.29,43.4%,13.2%,30.2%,0.171,1.17,0.333,70.2%,1.64,2.34,0.91,20.0%,38.2%,41.8%,2.2%,17.0%,0.13,0.25,0.265,0.38,0.644,0.13,0.276,20,-5.6,0.278,75,0.96,20.6%,38.9%,40.6%,0,0,0,0
Spencer Strider,R,ATL,ATL,Away,WSH,2022-07-17,Ehire Adrianza,L,WSH,,,12.25,2.5,4.91,0.45,35.1%,7.1%,27.9%,0.179,0.91,0.267,78.9%,1.95,2.46,1.13,25.0%,39.8%,35.2%,5.6%,25.0%,0.22,0.182,0.222,0.182,0.404,0.0,0.24,1,-3.6,0.186,13,1.11,24.0%,40.0%,36.0%,0,0,0,0
Spencer Strider,R,ATL,ATL,Away,WSH,2022-07-17,Victor Robles,R,WSH,,,16.43,4.99,3.29,0.29,43.4%,13.2%,30.2%,0.171,1.17,0.333,70.2%,1.64,2.34,0.91,20.0%,38.2%,41.8%,5.6%,27.8%,0.2,0.176,0.257,0.224,0.481,0.048,0.247,7,-9.7,0.226,40,1.25,19.2%,44.9%,35.9%,0,0,0,0
Erasmo Ramirez,R,WSH,WSH,Home,ATL,2022-07-17,Ronald Acuna Jr.,R,ATL,,,NA,NA,NA,NA,NA,NA,NA,NA,NA,NA,NA,NA,NA,NA,NA,NA,NA,NA,NA,NA,NA,NA,NA,NA,NA,NA,NA,NA,NA,NA,NA,NA,NA,NA,0,0,0,0
Erasmo Ramirez,R,WSH,WSH,Home,ATL,2022-07-17,Dansby Swanson,R,ATL,,,NA,NA,NA,NA,NA,NA,NA,NA,NA,NA,NA,NA,NA,NA,NA,NA,NA,5.5%,27.6%,0.2,0.295,0.338,0.469,0.807,0.173,0.382,40,8.6,0.35,123,0.81,22.8%,34.4%,42.8%,0,0,0,0
Erasmo Ramirez,R,WSH,WSH,Home,ATL,2022-07-17,Matt Olson,L,ATL,,,NA,NA,NA,NA,NA,NA,NA,NA,NA,NA,NA,NA,NA,NA,NA,NA,NA,11.3%,23.8%,0.48,0.256,0.343,0.496,0.839,0.239,0.306,41,10.1,0.358,129,1.03,20.0%,40.6%,39.4%,0,0,0,0
Erasmo Ramirez,R,WSH,WSH,Home,ATL,2022-07-17,Austin Riley,R,ATL,,,NA,NA,NA,NA,NA,NA,NA,NA,NA,NA,NA,NA,NA,NA,NA,NA,NA,5.1%,25.4%,0.2,0.271,0.322,0.518,0.84,0.247,0.308,43,10.9,0.36,130,1.0,23.7%,38.2%,38.2%,0,0,0,0
Erasmo Ramirez,R,WSH,WSH,Home,ATL,2022-07-17,Eddie Rosario,L,ATL,,,NA,NA,NA,NA,NA,NA,NA,NA,NA,NA,NA,NA,NA,NA,NA,NA,NA,4.8%,23.8%,0.2,0.102,0.143,0.169,0.312,0.068,0.114,-1,-8.5,0.142,-18,1.16,8.9%,48.9%,42.2%,0,0,0,0
Erasmo Ramirez,R,WSH,WSH,Home,ATL,2022-07-17,Adam Duvall,R,ATL,,,NA,NA,NA,NA,NA,NA,NA,NA,NA,NA,NA,NA,NA,NA,NA,NA,NA,7.2%,33.2%,0.22,0.199,0.269,0.323,0.592,0.124,0.282,18,-8.1,0.264,65,0.62,18.6%,31.0%,50.4%,0,0,0,0
Erasmo Ramirez,R,WSH,WSH,Home,ATL,2022-07-17,William Contreras,R,ATL,,,NA,NA,NA,NA,NA,NA,NA,NA,NA,NA,NA,NA,NA,NA,NA,NA,NA,10.0%,29.1%,0.34,0.263,0.336,0.556,0.892,0.293,0.305,19,6.2,0.381,144,1.64,13.4%,53.7%,32.8%,0,0,0,0
Erasmo Ramirez,R,WSH,WSH,Home,ATL,2022-07-17,Robinson Cano,L,ATL,,,NA,NA,NA,NA,NA,NA,NA,NA,NA,NA,NA,NA,NA,NA,NA,NA,NA,NA,NA,NA,NA,NA,NA,NA,NA,NA,NA,NA,NA,NA,NA,NA,NA,NA,0,0,0,0
Erasmo Ramirez,R,WSH,WSH,Home,ATL,2022-07-17,Michael Harris II,L,ATL,,,NA,NA,NA,NA,NA,NA,NA,NA,NA,NA,NA,NA,NA,NA,NA,NA,NA,2.7%,20.4%,0.13,0.306,0.336,0.565,0.901,0.259,0.333,20,6.8,0.386,148,1.91,21.2%,51.8%,27.1%,0,0,0,0
Chris Sale,L,BOS,BOS,Away,NYY,2022-07-17,DJ LeMahieu,R,NYY,,,4.91,2.45,2.0,0.0,13.3%,6.7%,6.7%,0.214,1.09,0.25,100.0%,2.84,4.06,1.67,33.3%,41.7%,25.0%,11.2%,11.2%,1.0,0.294,0.388,0.471,0.858,0.176,0.3,17,5.3,0.378,150,1.63,14.9%,52.7%,32.4%,0,0,0,0
Chris Sale,L,BOS,BOS,Away,NYY,2022-07-17,Aaron Judge,R,NYY,,,4.91,2.45,2.0,0.0,13.3%,6.7%,6.7%,0.214,1.09,0.25,100.0%,2.84,4.06,1.67,33.3%,41.7%,25.0%,11.0%,31.2%,0.35,0.247,0.324,0.581,0.905,0.333,0.264,18,5.1,0.369,143,1.0,16.1%,41.9%,41.9%,0,0,0,0
Chris Sale,L,BOS,BOS,Away,NYY,2022-07-17,Anthony Rizzo,L,NYY,,,20.25,0.0,3.0,0.0,75.0%,0.0%,75.0%,0.0,0.0,0.0,100.0%,-1.39,-1.39,1.0,0.0%,100.0%,0.0%,10.1%,16.2%,0.63,0.218,0.313,0.494,0.807,0.276,0.2,14,3.0,0.349,129,0.79,16.9%,36.6%,46.5%,0,0,0,0
Chris Sale,L,BOS,BOS,Away,NYY,2022-07-17,Gleyber Torres,R,NYY,,,4.91,2.45,2.0,0.0,13.3%,6.7%,6.7%,0.214,1.09,0.25,100.0%,2.84,4.06,1.67,33.3%,41.7%,25.0%,5.7%,19.3%,0.29,0.293,0.333,0.659,0.992,0.366,0.281,18,7.3,0.415,176,0.45,15.4%,26.2%,58.5%,0,0,0,1
Chris Sale,L,BOS,BOS,Away,NYY,2022-07-17,Matt Carpenter,L,NYY,,,20.25,0.0,3.0,0.0,75.0%,0.0%,75.0%,0.0,0.0,0.0,100.0%,-1.39,-1.39,1.0,0.0%,100.0%,0.0%,12.5%,37.5%,0.33,0.35,0.458,0.85,1.308,0.5,0.5,7,4.4,0.538,262,0.4,36.4%,18.2%,45.5%,0,0,0,1
Chris Sale,L,BOS,BOS,Away,NYY,2022-07-17,Aaron Hicks,R,NYY,,,4.91,2.45,2.0,0.0,13.3%,6.7%,6.7%,0.214,1.09,0.25,100.0%,2.84,4.06,1.67,33.3%,41.7%,25.0%,13.9%,24.1%,0.58,0.254,0.367,0.328,0.695,0.075,0.34,9,0.3,0.315,106,1.77,25.0%,47.9%,27.1%,0,0,0,0
Chris Sale,L,BOS,BOS,Away,NYY,2022-07-17,Isiah Kiner-Falefa,R,NYY,,,4.91,2.45,2.0,0.0,13.3%,6.7%,6.7%,0.214,1.09,0.25,100.0%,2.84,4.06,1.67,33.3%,41.7%,25.0%,6.0%,13.4%,0.44,0.27,0.313,0.317,0.631,0.048,0.315,6,-1.8,0.276,79,4.57,27.8%,59.3%,13.0%,0,0,1,0
Chris Sale,L,BOS,BOS,Away,NYY,2022-07-17,Tim Locastro,R,NYY,,,4.91,2.45,2.0,0.0,13.3%,6.7%,6.7%,0.214,1.09,0.25,100.0%,2.84,4.06,1.67,33.3%,41.7%,25.0%,NA,NA,NA,NA,NA,NA,NA,NA,NA,NA,NA,NA,NA,NA,NA,NA,NA,0,0,0,0
Chris Sale,L,BOS,BOS,Away,NYY,2022-07-17,Kyle Higashioka,R,NYY,,,4.91,2.45,2.0,0.0,13.3%,6.7%,6.7%,0.214,1.09,0.25,100.0%,2.84,4.06,1.67,33.3%,41.7%,25.0%,4.0%,22.0%,0.18,0.191,0.24,0.362,0.602,0.17,0.206,4,-1.9,0.264,70,0.58,16.7%,30.6%,52.8%,0,0,0,1
Gerrit Cole,R,NYY,NYY,Home,BOS,2022-07-17,Jarren Duran,L,BOS,,,12.34,3.22,3.83,1.61,36.3%,9.5%,26.8%,0.14,0.83,0.16,85.0%,3.77,3.07,0.65,11.7%,35.0%,53.4%,7.7%,21.8%,0.35,0.31,0.372,0.507,0.879,0.197,0.396,13,4.3,0.379,145,1.47,19.2%,48.1%,32.7%,0,1,0,0
Gerrit Cole,R,NYY,NYY,Home,BOS,2022-07-17,Rafael Devers,L,BOS,,,12.34,3.22,3.83,1.61,36.3%,9.5%,26.8%,0.14,0.83,0.16,85.0%,3.77,3.07,0.65,11.7%,35.0%,53.4%,8.0%,15.2%,0.53,0.331,0.394,0.623,1.017,0.293,0.344,55,24.9,0.428,180,1.0,19.2%,40.4%,40.4%,0,1,0,0
Gerrit Cole,R,NYY,NYY,Home,BOS,2022-07-17,Xander Bogaerts,R,BOS,,,10.61,1.93,5.5,1.13,28.3%,5.2%,23.2%,0.241,1.16,0.313,83.6%,3.07,2.65,1.71,20.8%,50.0%,29.2%,8.6%,21.5%,0.4,0.297,0.366,0.423,0.788,0.126,0.368,40,7.8,0.345,122,1.36,24.2%,43.7%,32.1%,0,0,0,0
Gerrit Cole,R,NYY,NYY,Home,BOS,2022-07-17,J.D. Martinez,R,BOS,,,10.61,1.93,5.5,1.13,28.3%,5.2%,23.2%,0.241,1.16,0.313,83.6%,3.07,2.65,1.71,20.8%,50.0%,29.2%,6.8%,25.0%,0.27,0.293,0.348,0.464,0.813,0.172,0.373,39,8.9,0.352,127,1.14,28.4%,38.1%,33.5%,0,0,0,0
Gerrit Cole,R,NYY,NYY,Home,BOS,2022-07-17,Alex Verdugo,L,BOS,,,12.34,3.22,3.83,1.61,36.3%,9.5%,26.8%,0.14,0.83,0.16,85.0%,3.77,3.07,0.65,11.7%,35.0%,53.4%,5.5%,10.6%,0.52,0.258,0.299,0.381,0.681,0.123,0.267,26,-3.2,0.294,86,1.32,18.9%,46.2%,34.9%,0,1,0,0
Gerrit Cole,R,NYY,NYY,Home,BOS,2022-07-17,Christian Vazquez,R,BOS,,,10.61,1.93,5.5,1.13,28.3%,5.2%,23.2%,0.241,1.16,0.313,83.6%,3.07,2.65,1.71,20.8%,50.0%,29.2%,NA,NA,NA,NA,NA,NA,NA,NA,NA,NA,NA,NA,NA,NA,NA,NA,NA,0,0,0,0
Gerrit Cole,R,NYY,NYY,Home,BOS,2022-07-17,Franchy Cordero,L,BOS,,,12.34,3.22,3.83,1.61,36.3%,9.5%,26.8%,0.14,0.83,0.16,85.0%,3.77,3.07,0.65,11.7%,35.0%,53.4%,9.5%,27.8%,0.34,0.255,0.323,0.423,0.746,0.168,0.347,21,1.9,0.325,107,1.18,27.5%,39.2%,33.3%,0,1,0,0
Gerrit Cole,R,NYY,NYY,Home,BOS,2022-07-17,Jackie Bradley Jr.,L,BOS,,,12.34,3.22,3.83,1.61,36.3%,9.5%,26.8%,0.14,0.83,0.16,85.0%,3.77,3.07,0.65,11.7%,35.0%,53.4%,5.9%,19.8%,0.3,0.223,0.27,0.314,0.584,0.09,0.284,15,-8.2,0.259,61,1.38,22.4%,44.9%,32.7%,0,1,0,0
Gerrit Cole,R,NYY,NYY,Home,BOS,2022-07-17,Jeter Downs,R,BOS,,,10.61,1.93,5.5,1.13,28.3%,5.2%,23.2%,0.241,1.16,0.313,83.6%,3.07,2.65,1.71,20.8%,50.0%,29.2%,0.0%,50.0%,0.0,0.25,0.25,0.25,0.5,0.0,0.5,0,-0.3,0.221,35,0.0,50.0%,0.0%,50.0%,0,0,0,1
Jordan Lyles,R,BAL,BAL,Away,TB,2022-07-17,Josh Lowe,L,TB,,,7.51,4.06,1.85,1.83,18.8%,10.2%,8.6%,0.273,1.51,0.295,65.6%,5.57,4.68,1.0,23.0%,38.5%,38.5%,5.4%,33.3%,0.16,0.212,0.255,0.375,0.63,0.163,0.308,9,-3.6,0.269,78,0.89,23.9%,35.8%,40.3%,0,0,0,0
Jordan Lyles,R,BAL,BAL,Away,TB,2022-07-17,Harold Ramirez,R,TB,,,7.27,1.78,4.08,0.59,19.0%,4.7%,14.3%,0.273,1.29,0.326,75.6%,3.09,4.01,1.17,19.6%,43.3%,37.1%,NA,NA,NA,NA,NA,NA,NA,NA,NA,NA,NA,NA,NA,NA,NA,NA,NA,0,0,0,0
Jordan Lyles,R,BAL,BAL,Away,TB,2022-07-17,Randy Arozarena,R,TB,,,7.27,1.78,4.08,0.59,19.0%,4.7%,14.3%,0.273,1.29,0.326,75.6%,3.09,4.01,1.17,19.6%,43.3%,37.1%,5.1%,26.7%,0.19,0.255,0.31,0.427,0.738,0.173,0.328,35,2.6,0.322,115,2.17,19.8%,54.9%,25.3%,0,0,1,0
Jordan Lyles,R,BAL,BAL,Away,TB,2022-07-17,Brandon Lowe,L,TB,,,7.51,4.06,1.85,1.83,18.8%,10.2%,8.6%,0.273,1.51,0.295,65.6%,5.57,4.68,1.0,23.0%,38.5%,38.5%,11.2%,27.6%,0.41,0.2,0.306,0.353,0.659,0.153,0.268,10,-1.1,0.296,97,0.91,24.1%,36.2%,39.7%,0,0,0,0
Jordan Lyles,R,BAL,BAL,Away,TB,2022-07-17,Isaac Paredes,R,TB,,,7.27,1.78,4.08,0.59,19.0%,4.7%,14.3%,0.273,1.29,0.326,75.6%,3.09,4.01,1.17,19.6%,43.3%,37.1%,9.5%,18.1%,0.52,0.243,0.319,0.524,0.843,0.282,0.227,18,4.6,0.36,142,1.0,13.3%,43.4%,43.4%,0,0,0,0
Jordan Lyles,R,BAL,BAL,Away,TB,2022-07-17,Taylor Walls,L,TB,,,7.51,4.06,1.85,1.83,18.8%,10.2%,8.6%,0.273,1.51,0.295,65.6%,5.57,4.68,1.0,23.0%,38.5%,38.5%,8.3%,29.3%,0.28,0.159,0.232,0.274,0.506,0.116,0.211,9,-11.8,0.228,50,1.05,18.9%,41.4%,39.6%,0,0,0,0
Jordan Lyles,R,BAL,BAL,Away,TB,2022-07-17,Brett Phillips,L,TB,,,7.51,4.06,1.85,1.83,18.8%,10.2%,8.6%,0.273,1.51,0.295,65.6%,5.57,4.68,1.0,23.0%,38.5%,38.5%,7.3%,40.7%,0.18,0.178,0.248,0.296,0.545,0.119,0.282,10,-7.8,0.245,61,0.72,25.7%,31.1%,43.2%,0,0,0,1
Jordan Lyles,R,BAL,BAL,Away,TB,2022-07-17,Francisco Mejia,L,TB,,,7.51,4.06,1.85,1.83,18.8%,10.2%,8.6%,0.273,1.51,0.295,65.6%,5.57,4.68,1.0,23.0%,38.5%,38.5%,NA,NA,NA,NA,NA,NA,NA,NA,NA,NA,NA,NA,NA,NA,NA,NA,NA,0,0,0,0
Jordan Lyles,R,BAL,BAL,Away,TB,2022-07-17,Yu Chang,R,TB,,,7.27,1.78,4.08,0.59,19.0%,4.7%,14.3%,0.273,1.29,0.326,75.6%,3.09,4.01,1.17,19.6%,43.3%,37.1%,6.9%,48.3%,0.14,0.167,0.31,0.167,0.477,0.0,0.4,2,-1.5,0.244,59,0.43,0.0%,30.0%,70.0%,0,0,0,1
Corey Kluber,R,TB,TB,Home,BAL,2022-07-17,Cedric Mullins,L,BAL,,,8.62,1.36,6.33,0.45,23.3%,3.7%,19.6%,0.253,1.11,0.316,79.2%,2.53,3.72,0.78,23.0%,33.6%,43.4%,NA,NA,NA,NA,NA,NA,NA,NA,NA,NA,NA,NA,NA,0.76,18.6%,35.1%,46.3%,0,0,0,0
Corey Kluber,R,TB,TB,Home,BAL,2022-07-17,Trey Mancini,R,BAL,,,7.63,1.49,5.13,1.3,21.0%,4.1%,16.9%,0.238,1.08,0.27,65.6%,3.92,3.79,1.02,20.1%,40.3%,39.6%,NA,NA,NA,NA,NA,NA,NA,NA,NA,NA,NA,NA,NA,0.97,26.9%,35.9%,37.2%,0,0,0,0
Corey Kluber,R,TB,TB,Home,BAL,2022-07-17,Anthony Santander,L,BAL,,,8.62,1.36,6.33,0.45,23.3%,3.7%,19.6%,0.253,1.11,0.316,79.2%,2.53,3.72,0.78,23.0%,33.6%,43.4%,NA,NA,NA,NA,NA,NA,NA,NA,NA,NA,NA,NA,NA,0.6,21.1%,29.5%,49.4%,0,0,0,1
Corey Kluber,R,TB,TB,Home,BAL,2022-07-17,Ryan Mountcastle,R,BAL,,,7.63,1.49,5.13,1.3,21.0%,4.1%,16.9%,0.238,1.08,0.27,65.6%,3.92,3.79,1.02,20.1%,40.3%,39.6%,NA,NA,NA,NA,NA,NA,NA,NA,NA,NA,NA,NA,NA,1.05,23.7%,39.1%,37.2%,0,0,0,0
Corey Kluber,R,TB,TB,Home,BAL,2022-07-17,Austin Hays,R,BAL,,,7.63,1.49,5.13,1.3,21.0%,4.1%,16.9%,0.238,1.08,0.27,65.6%,3.92,3.79,1.02,20.1%,40.3%,39.6%,NA,NA,NA,NA,NA,NA,NA,NA,NA,NA,NA,NA,NA,1.19,21.3%,42.7%,36.0%,0,0,0,0
Corey Kluber,R,TB,TB,Home,BAL,2022-07-17,Adley Rutschman,L,BAL,,,8.62,1.36,6.33,0.45,23.3%,3.7%,19.6%,0.253,1.11,0.316,79.2%,2.53,3.72,0.78,23.0%,33.6%,43.4%,NA,NA,NA,NA,NA,NA,NA,NA,NA,NA,NA,NA,NA,1.0,24.7%,37.6%,37.6%,0,0,0,0
Corey Kluber,R,TB,TB,Home,BAL,2022-07-17,Ramon Urias,R,BAL,,,7.63,1.49,5.13,1.3,21.0%,4.1%,16.9%,0.238,1.08,0.27,65.6%,3.92,3.79,1.02,20.1%,40.3%,39.6%,NA,NA,NA,NA,NA,NA,NA,NA,NA,NA,NA,NA,NA,NA,NA,NA,NA,0,0,0,0
Corey Kluber,R,TB,TB,Home,BAL,2022-07-17,Rougned Odor,L,BAL,,,8.62,1.36,6.33,0.45,23.3%,3.7%,19.6%,0.253,1.11,0.316,79.2%,2.53,3.72,0.78,23.0%,33.6%,43.4%,NA,NA,NA,NA,NA,NA,NA,NA,NA,NA,NA,NA,NA,0.57,17.5%,30.1%,52.4%,0,0,0,1
Corey Kluber,R,TB,TB,Home,BAL,2022-07-17,Jorge Mateo,R,BAL,,,7.63,1.49,5.13,1.3,21.0%,4.1%,16.9%,0.238,1.08,0.27,65.6%,3.92,3.79,1.02,20.1%,40.3%,39.6%,NA,NA,NA,NA,NA,NA,NA,NA,NA,NA,NA,NA,NA,1.0,23.7%,38.1%,38.1%,0,0,0,0
Aaron Nola,R,PHI,PHI,Away,MIA,2022-07-17,Joey Wendle,L,MIA,,,7.51,4.06,1.85,1.83,18.8%,10.2%,8.6%,0.273,1.51,0.295,65.6%,5.57,4.67,1.0,23.0%,38.5%,38.5%,5.2%,9.5%,0.55,0.259,0.302,0.38,0.681,0.12,0.271,12,-1.1,0.299,95,1.89,17.3%,54.1%,28.6%,0,0,0,0
Aaron Nola,R,PHI,PHI,Away,MIA,2022-07-17,Brian Anderson,R,MIA,,,7.27,1.78,4.08,0.59,19.0%,4.7%,14.3%,0.273,1.29,0.326,75.6%,3.09,4.0,1.17,19.6%,43.3%,37.1%,13.7%,28.8%,0.48,0.227,0.338,0.328,0.666,0.101,0.325,15,-0.9,0.302,97,2.33,24.1%,53.2%,22.8%,0,0,1,0
Aaron Nola,R,PHI,PHI,Away,MIA,2022-07-17,Garrett Cooper,R,MIA,,,7.27,1.78,4.08,0.59,19.0%,4.7%,14.3%,0.273,1.29,0.326,75.6%,3.09,4.0,1.17,19.6%,43.3%,37.1%,8.2%,23.4%,0.35,0.302,0.371,0.48,0.851,0.178,0.377,42,11.9,0.369,143,1.76,24.9%,47.9%,27.2%,0,0,0,0
Aaron Nola,R,PHI,PHI,Away,MIA,2022-07-17,Jesus Aguilar,R,MIA,,,7.27,1.78,4.08,0.59,19.0%,4.7%,14.3%,0.273,1.29,0.326,75.6%,3.09,4.0,1.17,19.6%,43.3%,37.1%,NA,NA,NA,NA,NA,NA,NA,NA,NA,NA,NA,NA,NA,NA,NA,NA,NA,0,0,0,0
Aaron Nola,R,PHI,PHI,Away,MIA,2022-07-17,Jorge Soler,R,MIA,,,7.27,1.78,4.08,0.59,19.0%,4.7%,14.3%,0.273,1.29,0.326,75.6%,3.09,4.0,1.17,19.6%,43.3%,37.1%,10.4%,28.8%,0.36,0.218,0.306,0.386,0.692,0.168,0.286,25,-0.6,0.307,101,1.08,20.3%,41.4%,38.3%,0,0,0,0
Aaron Nola,R,PHI,PHI,Away,MIA,2022-07-17,Avisail Garcia,R,MIA,,,7.27,1.78,4.08,0.59,19.0%,4.7%,14.3%,0.273,1.29,0.326,75.6%,3.09,4.0,1.17,19.6%,43.3%,37.1%,NA,NA,NA,NA,NA,NA,NA,NA,NA,NA,NA,NA,NA,NA,NA,NA,NA,0,0,0,0
Aaron Nola,R,PHI,PHI,Away,MIA,2022-07-17,Jesus Sanchez,L,MIA,,,7.51,4.06,1.85,1.83,18.8%,10.2%,8.6%,0.273,1.51,0.295,65.6%,5.57,4.67,1.0,23.0%,38.5%,38.5%,NA,NA,NA,NA,NA,NA,NA,NA,NA,NA,NA,NA,NA,NA,NA,NA,NA,0,0,0,0
Aaron Nola,R,PHI,PHI,Away,MIA,2022-07-17,Miguel Rojas,R,MIA,,,7.27,1.78,4.08,0.59,19.0%,4.7%,14.3%,0.273,1.29,0.326,75.6%,3.09,4.0,1.17,19.6%,43.3%,37.1%,5.6%,10.8%,0.52,0.241,0.282,0.367,0.649,0.126,0.249,20,-4.5,0.283,85,1.75,21.3%,50.0%,28.7%,0,0,0,0
Aaron Nola,R,PHI,PHI,Away,MIA,2022-07-17,Nick Fortes,R,MIA,,,7.27,1.78,4.08,0.59,19.0%,4.7%,14.3%,0.273,1.29,0.326,75.6%,3.09,4.0,1.17,19.6%,43.3%,37.1%,11.8%,17.6%,0.67,0.31,0.431,0.571,1.003,0.262,0.355,11,4.9,0.432,185,0.53,21.2%,27.3%,51.5%,0,0,0,1
Trevor Rogers,L,MIA,MIA,Home,PHI,2022-07-17,Kyle Schwarber,L,PHI,,,10.8,6.38,1.69,0.49,26.2%,15.5%,10.7%,0.239,1.64,0.333,66.4%,3.55,3.81,2.08,22.9%,52.1%,25.0%,15.7%,31.3%,0.5,0.198,0.328,0.423,0.752,0.225,0.238,18,2.3,0.332,112,0.71,13.0%,36.2%,50.7%,1,0,0,1
Trevor Rogers,L,MIA,MIA,Home,PHI,2022-07-17,Rhys Hoskins,R,PHI,,,7.84,3.92,2.0,1.36,19.3%,9.6%,9.6%,0.283,1.56,0.322,67.1%,4.79,4.65,1.0,22.3%,38.8%,38.8%,14.9%,22.3%,0.67,0.286,0.404,0.597,1.002,0.312,0.327,19,8.5,0.423,174,0.3,24.6%,17.5%,57.9%,0,0,0,1
Trevor Rogers,L,MIA,MIA,Home,PHI,2022-07-17,Nick Castellanos,R,PHI,,,7.84,3.92,2.0,1.36,19.3%,9.6%,9.6%,0.283,1.56,0.322,67.1%,4.79,4.65,1.0,22.3%,38.8%,38.8%,5.7%,18.4%,0.31,0.296,0.333,0.395,0.728,0.099,0.344,11,0.7,0.32,104,1.68,22.7%,48.5%,28.8%,0,0,0,0
Trevor Rogers,L,MIA,MIA,Home,PHI,2022-07-17,J.T. Realmuto,R,PHI,,,7.84,3.92,2.0,1.36,19.3%,9.6%,9.6%,0.283,1.56,0.322,67.1%,4.79,4.65,1.0,22.3%,38.8%,38.8%,5.9%,18.8%,0.32,0.258,0.317,0.441,0.758,0.183,0.286,13,1.6,0.331,114,0.69,20.3%,32.4%,47.3%,0,0,0,1
Trevor Rogers,L,MIA,MIA,Home,PHI,2022-07-17,Alec Bohm,R,PHI,,,7.84,3.92,2.0,1.36,19.3%,9.6%,9.6%,0.283,1.56,0.322,67.1%,4.79,4.65,1.0,22.3%,38.8%,38.8%,9.9%,21.1%,0.47,0.206,0.282,0.286,0.567,0.079,0.25,5,-3.3,0.251,58,1.35,18.4%,46.9%,34.7%,0,0,0,0
Trevor Rogers,L,MIA,MIA,Home,PHI,2022-07-17,Matt Vierling,R,PHI,,,7.84,3.92,2.0,1.36,19.3%,9.6%,9.6%,0.283,1.56,0.322,67.1%,4.79,4.65,1.0,22.3%,38.8%,38.8%,11.1%,20.4%,0.55,0.283,0.352,0.413,0.765,0.13,0.333,7,1.0,0.332,112,0.63,29.7%,27.0%,43.2%,0,0,0,1
Trevor Rogers,L,MIA,MIA,Home,PHI,2022-07-17,Didi Gregorius,L,PHI,,,10.8,6.38,1.69,0.49,26.2%,15.5%,10.7%,0.239,1.64,0.333,66.4%,3.55,3.81,2.08,22.9%,52.1%,25.0%,4.8%,19.0%,0.25,0.189,0.286,0.243,0.529,0.054,0.241,3,-2.0,0.25,56,1.18,17.2%,44.8%,37.9%,1,0,0,0
Trevor Rogers,L,MIA,MIA,Home,PHI,2022-07-17,Yairo Munoz,R,PHI,,,7.84,3.92,2.0,1.36,19.3%,9.6%,9.6%,0.283,1.56,0.322,67.1%,4.79,4.65,1.0,22.3%,38.8%,38.8%,NA,NA,NA,NA,NA,NA,NA,NA,NA,NA,NA,NA,NA,NA,NA,NA,NA,0,0,0,0
Trevor Rogers,L,MIA,MIA,Home,PHI,2022-07-17,Johan Camargo,R,PHI,,,7.84,3.92,2.0,1.36,19.3%,9.6%,9.6%,0.283,1.56,0.322,67.1%,4.79,4.65,1.0,22.3%,38.8%,38.8%,9.5%,23.8%,0.4,0.179,0.258,0.304,0.562,0.125,0.205,4,-2.8,0.254,59,0.72,24.4%,31.7%,43.9%,0,0,0,1
Adam Oller,R,OAK,OAK,Away,HOU,2022-07-17,Jose Altuve,R,HOU,,,NA,NA,NA,NA,NA,NA,NA,NA,NA,NA,NA,NA,NA,NA,NA,NA,NA,11.9%,14.0%,0.85,0.269,0.37,0.468,0.838,0.199,0.277,38,10.7,0.367,144,1.08,19.2%,41.9%,38.9%,0,0,0,0
Adam Oller,R,OAK,OAK,Away,HOU,2022-07-17,Jeremy Pena,R,HOU,,,NA,NA,NA,NA,NA,NA,NA,NA,NA,NA,NA,NA,NA,NA,NA,NA,NA,NA,NA,NA,NA,NA,NA,NA,NA,NA,NA,NA,NA,NA,NA,NA,NA,NA,0,0,0,0
Adam Oller,R,OAK,OAK,Away,HOU,2022-07-17,Kyle Tucker,L,HOU,,,NA,NA,NA,NA,NA,NA,NA,NA,NA,NA,NA,NA,NA,NA,NA,NA,NA,14.2%,17.4%,0.82,0.257,0.361,0.481,0.842,0.225,0.266,35,9.6,0.365,143,0.6,22.0%,29.3%,48.7%,0,0,0,0
Adam Oller,R,OAK,OAK,Away,HOU,2022-07-17,Alex Bregman,R,HOU,,,NA,NA,NA,NA,NA,NA,NA,NA,NA,NA,NA,NA,NA,NA,NA,NA,NA,14.9%,12.8%,1.17,0.276,0.391,0.495,0.886,0.219,0.276,41,13.6,0.383,155,0.76,21.7%,33.7%,44.6%,0,0,0,0
Adam Oller,R,OAK,OAK,Away,HOU,2022-07-17,Aledmys Diaz,R,HOU,,,NA,NA,NA,NA,NA,NA,NA,NA,NA,NA,NA,NA,NA,NA,NA,NA,NA,NA,NA,NA,NA,NA,NA,NA,NA,NA,NA,NA,NA,NA,NA,NA,NA,NA,0,0,0,0
Adam Oller,R,OAK,OAK,Away,HOU,2022-07-17,Yuli Gurriel,R,HOU,,,NA,NA,NA,NA,NA,NA,NA,NA,NA,NA,NA,NA,NA,NA,NA,NA,NA,5.6%,14.4%,0.39,0.22,0.274,0.355,0.629,0.135,0.242,19,-5.5,0.278,81,1.01,16.6%,42.0%,41.4%,0,0,0,0
Adam Oller,R,OAK,OAK,Away,HOU,2022-07-17,Chas McCormick,R,HOU,,,NA,NA,NA,NA,NA,NA,NA,NA,NA,NA,NA,NA,NA,NA,NA,NA,NA,11.8%,27.8%,0.43,0.192,0.292,0.36,0.652,0.168,0.235,14,-2.3,0.29,90,1.28,15.1%,47.7%,37.2%,0,0,0,0
Adam Oller,R,OAK,OAK,Away,HOU,2022-07-17,Jake Meyers,R,HOU,,,NA,NA,NA,NA,NA,NA,NA,NA,NA,NA,NA,NA,NA,NA,NA,NA,NA,4.8%,26.2%,0.18,0.282,0.31,0.462,0.771,0.179,0.357,5,0.6,0.328,116,1.88,17.9%,53.6%,28.6%,0,0,0,0
Adam Oller,R,OAK,OAK,Away,HOU,2022-07-17,Martin Maldonado,R,HOU,,,NA,NA,NA,NA,NA,NA,NA,NA,NA,NA,NA,NA,NA,NA,NA,NA,NA,NA,NA,NA,NA,NA,NA,NA,NA,NA,NA,NA,NA,NA,NA,NA,NA,NA,0,0,0,0
Jake Odorizzi,R,HOU,HOU,Home,OAK,2022-07-17,Vimael Machin,L,OAK,,,4.64,3.8,1.22,0.42,12.5%,10.2%,2.3%,0.234,1.27,0.258,56.4%,4.09,5.79,0.58,21.2%,28.8%,50.0%,NA,NA,NA,NA,NA,NA,NA,NA,NA,NA,NA,NA,NA,NA,NA,NA,NA,0,1,0,0
Jake Odorizzi,R,HOU,HOU,Home,OAK,2022-07-17,Ramon Laureano,R,OAK,,,8.44,2.11,4.0,0.42,23.0%,5.7%,17.2%,0.244,1.17,0.311,76.3%,2.55,3.54,1.04,24.2%,38.7%,37.1%,NA,NA,NA,NA,NA,NA,NA,NA,NA,NA,NA,NA,NA,NA,NA,NA,NA,0,0,0,0
Jake Odorizzi,R,HOU,HOU,Home,OAK,2022-07-17,Sean Murphy,R,OAK,,,8.44,2.11,4.0,0.42,23.0%,5.7%,17.2%,0.244,1.17,0.311,76.3%,2.55,3.54,1.04,24.2%,38.7%,37.1%,3.6%,22.0%,0.16,0.246,0.288,0.401,0.689,0.155,0.297,24,-2.2,0.298,97,0.92,24.4%,36.3%,39.4%,0,0,0,0
Jake Odorizzi,R,HOU,HOU,Home,OAK,2022-07-17,Seth Brown,L,OAK,,,4.64,3.8,1.22,0.42,12.5%,10.2%,2.3%,0.234,1.27,0.258,56.4%,4.09,5.79,0.58,21.2%,28.8%,50.0%,7.1%,24.5%,0.29,0.231,0.29,0.434,0.725,0.204,0.273,28,0.4,0.312,107,0.81,24.1%,34.0%,42.0%,0,1,0,0
Jake Odorizzi,R,HOU,HOU,Home,OAK,2022-07-17,Chad Pinder,R,OAK,,,8.44,2.11,4.0,0.42,23.0%,5.7%,17.2%,0.244,1.17,0.311,76.3%,2.55,3.54,1.04,24.2%,38.7%,37.1%,3.9%,36.2%,0.11,0.238,0.268,0.361,0.628,0.123,0.356,11,-3.6,0.275,81,1.64,23.7%,47.4%,28.9%,0,0,0,0
Jake Odorizzi,R,HOU,HOU,Home,OAK,2022-07-17,Skye Bolt,L,OAK,,,4.64,3.8,1.22,0.42,12.5%,10.2%,2.3%,0.234,1.27,0.258,56.4%,4.09,5.79,0.58,21.2%,28.8%,50.0%,4.5%,27.3%,0.17,0.095,0.136,0.095,0.232,0.0,0.133,-1,-3.5,0.112,-34,1.33,6.7%,53.3%,40.0%,0,1,0,0
Jake Odorizzi,R,HOU,HOU,Home,OAK,2022-07-17,Elvis Andrus,R,OAK,,,8.44,2.11,4.0,0.42,23.0%,5.7%,17.2%,0.244,1.17,0.311,76.3%,2.55,3.54,1.04,24.2%,38.7%,37.1%,7.9%,13.8%,0.57,0.226,0.291,0.366,0.656,0.14,0.247,20,-3.2,0.29,92,1.02,15.8%,42.4%,41.8%,0,0,0,0
Jake Odorizzi,R,HOU,HOU,Home,OAK,2022-07-17,Stephen Piscotty,R,OAK,,,8.44,2.11,4.0,0.42,23.0%,5.7%,17.2%,0.244,1.17,0.311,76.3%,2.55,3.54,1.04,24.2%,38.7%,37.1%,1.8%,31.6%,0.06,0.189,0.228,0.321,0.549,0.132,0.235,3,-3.2,0.241,57,2.0,25.0%,50.0%,25.0%,0,0,0,0
Jake Odorizzi,R,HOU,HOU,Home,OAK,2022-07-17,Tony Kemp,L,OAK,,,4.64,3.8,1.22,0.42,12.5%,10.2%,2.3%,0.234,1.27,0.258,56.4%,4.09,5.79,0.58,21.2%,28.8%,50.0%,8.1%,10.2%,0.8,0.216,0.291,0.284,0.575,0.069,0.233,19,-9.4,0.262,72,0.95,17.5%,40.2%,42.3%,0,1,0,0
Dylan Cease,R,CWS,CWS,Away,MIN,2022-07-17,Luis Arraez,L,MIN,,,12.09,4.63,2.61,0.4,30.3%,11.6%,18.7%,0.249,1.48,0.369,78.2%,2.68,3.4,1.18,24.8%,40.7%,34.5%,11.0%,7.2%,1.53,0.378,0.447,0.494,0.941,0.116,0.398,52,21.4,0.412,173,1.45,27.0%,43.3%,29.8%,0,0,0,0
Dylan Cease,R,CWS,CWS,Away,MIN,2022-07-17,Carlos Correa,R,MIN,,,13.92,3.91,3.57,1.02,38.1%,10.7%,27.4%,0.168,1.04,0.25,79.4%,2.79,2.55,1.16,12.8%,46.8%,40.4%,8.7%,22.8%,0.38,0.276,0.34,0.454,0.794,0.178,0.321,30,5.8,0.345,126,1.59,18.6%,50.0%,31.4%,0,0,0,0
Dylan Cease,R,CWS,CWS,Away,MIN,2022-07-17,Byron Buxton,R,MIN,,,13.92,3.91,3.57,1.02,38.1%,10.7%,27.4%,0.168,1.04,0.25,79.4%,2.79,2.55,1.16,12.8%,46.8%,40.4%,8.1%,27.5%,0.29,0.198,0.284,0.513,0.798,0.316,0.184,29,5.0,0.34,123,0.58,13.8%,31.5%,54.6%,0,0,0,1
Dylan Cease,R,CWS,CWS,Away,MIN,2022-07-17,Max Kepler,L,MIN,,,12.09,4.63,2.61,0.4,30.3%,11.6%,18.7%,0.249,1.48,0.369,78.2%,2.68,3.4,1.18,24.8%,40.7%,34.5%,13.0%,16.5%,0.79,0.245,0.352,0.413,0.765,0.168,0.265,32,5.4,0.34,122,1.25,20.8%,44.0%,35.2%,0,0,0,0
Dylan Cease,R,CWS,CWS,Away,MIN,2022-07-17,Jorge Polanco,L,MIN,,,12.09,4.63,2.61,0.4,30.3%,11.6%,18.7%,0.249,1.48,0.369,78.2%,2.68,3.4,1.18,24.8%,40.7%,34.5%,16.6%,24.6%,0.67,0.234,0.36,0.474,0.834,0.24,0.265,33,9.1,0.364,139,0.76,21.8%,33.9%,44.4%,0,0,0,0
Dylan Cease,R,CWS,CWS,Away,MIN,2022-07-17,Alex Kirilloff,L,MIN,,,12.09,4.63,2.61,0.4,30.3%,11.6%,18.7%,0.249,1.48,0.369,78.2%,2.68,3.4,1.18,24.8%,40.7%,34.5%,2.1%,23.2%,0.09,0.303,0.319,0.472,0.791,0.169,0.364,13,2.1,0.338,121,1.64,15.9%,52.2%,31.9%,0,0,0,0
Dylan Cease,R,CWS,CWS,Away,MIN,2022-07-17,Jose Miranda,R,MIN,,,13.92,3.91,3.57,1.02,38.1%,10.7%,27.4%,0.168,1.04,0.25,79.4%,2.79,2.55,1.16,12.8%,46.8%,40.4%,4.7%,22.0%,0.21,0.252,0.299,0.429,0.728,0.176,0.299,15,0.7,0.317,106,1.34,17.6%,47.3%,35.2%,0,0,0,0
Dylan Cease,R,CWS,CWS,Away,MIN,2022-07-17,Nick Gordon,L,MIN,,,12.09,4.63,2.61,0.4,30.3%,11.6%,18.7%,0.249,1.48,0.369,78.2%,2.68,3.4,1.18,24.8%,40.7%,34.5%,3.6%,25.7%,0.14,0.285,0.319,0.456,0.775,0.171,0.369,23,3.3,0.335,119,1.24,26.1%,40.9%,33.0%,0,0,0,0
Dylan Cease,R,CWS,CWS,Away,MIN,2022-07-17,Gary Sanchez,R,MIN,,,13.92,3.91,3.57,1.02,38.1%,10.7%,27.4%,0.168,1.04,0.25,79.4%,2.79,2.55,1.16,12.8%,46.8%,40.4%,NA,NA,NA,NA,NA,NA,NA,NA,NA,NA,NA,NA,NA,NA,NA,NA,NA,0,0,0,0
Chris Archer,R,MIN,MIN,Home,CWS,2022-07-17,Tim Anderson,R,CWS,,,5.75,3.75,1.53,1.5,15.5%,10.1%,5.4%,0.217,1.19,0.214,64.6%,5.33,4.86,1.1,20.4%,41.7%,38.0%,4.5%,14.7%,0.3,0.282,0.33,0.368,0.699,0.086,0.324,26,-0.2,0.309,102,2.7,22.2%,56.8%,21.0%,0,0,1,0
Chris Archer,R,MIN,MIN,Home,CWS,2022-07-17,Yoan Moncada,L,CWS,,,8.53,5.33,1.6,0.71,21.1%,13.2%,7.9%,0.196,1.34,0.239,96.4%,4.25,5.17,0.79,18.1%,36.1%,45.8%,NA,NA,NA,NA,NA,NA,NA,NA,NA,NA,NA,NA,NA,NA,NA,NA,NA,0,0,0,0
Chris Archer,R,MIN,MIN,Home,CWS,2022-07-17,Andrew Vaughn,R,CWS,,,5.75,3.75,1.53,1.5,15.5%,10.1%,5.4%,0.217,1.19,0.214,64.6%,5.33,4.86,1.1,20.4%,41.7%,38.0%,6.6%,16.6%,0.39,0.273,0.332,0.429,0.761,0.156,0.299,30,3.9,0.332,117,1.43,20.5%,46.8%,32.7%,0,0,0,0
Chris Archer,R,MIN,MIN,Home,CWS,2022-07-17,Jose Abreu,R,CWS,,,5.75,3.75,1.53,1.5,15.5%,10.1%,5.4%,0.217,1.19,0.214,64.6%,5.33,4.86,1.1,20.4%,41.7%,38.0%,NA,NA,NA,NA,NA,NA,NA,NA,NA,NA,NA,NA,NA,NA,NA,NA,NA,0,0,0,0
Chris Archer,R,MIN,MIN,Home,CWS,2022-07-17,Gavin Sheets,L,CWS,,,8.53,5.33,1.6,0.71,21.1%,13.2%,7.9%,0.196,1.34,0.239,96.4%,4.25,5.17,0.79,18.1%,36.1%,45.8%,7.3%,19.7%,0.37,0.239,0.306,0.409,0.715,0.17,0.267,23,0.6,0.314,105,0.89,16.1%,39.4%,44.5%,0,0,0,0
Chris Archer,R,MIN,MIN,Home,CWS,2022-07-17,Josh Harrison,R,CWS,,,5.75,3.75,1.53,1.5,15.5%,10.1%,5.4%,0.217,1.19,0.214,64.6%,5.33,4.86,1.1,20.4%,41.7%,38.0%,5.1%,15.8%,0.32,0.22,0.293,0.326,0.619,0.106,0.252,14,-4.0,0.278,80,1.2,17.1%,45.3%,37.6%,0,0,0,0
Chris Archer,R,MIN,MIN,Home,CWS,2022-07-17,Leury Garcia,L,CWS,,,8.53,5.33,1.6,0.71,21.1%,13.2%,7.9%,0.196,1.34,0.239,96.4%,4.25,5.17,0.79,18.1%,36.1%,45.8%,NA,NA,NA,NA,NA,NA,NA,NA,NA,NA,NA,NA,NA,NA,NA,NA,NA,0,0,0,0
Chris Archer,R,MIN,MIN,Home,CWS,2022-07-17,Seby Zavala,R,CWS,,,5.75,3.75,1.53,1.5,15.5%,10.1%,5.4%,0.217,1.19,0.214,64.6%,5.33,4.86,1.1,20.4%,41.7%,38.0%,6.8%,30.5%,0.22,0.34,0.379,0.509,0.889,0.17,0.486,10,3.4,0.381,152,0.8,25.0%,33.3%,41.7%,0,0,0,0
Chris Archer,R,MIN,MIN,Home,CWS,2022-07-17,Adam Engel,R,CWS,,,5.75,3.75,1.53,1.5,15.5%,10.1%,5.4%,0.217,1.19,0.214,64.6%,5.33,4.86,1.1,20.4%,41.7%,38.0%,5.0%,26.4%,0.19,0.254,0.298,0.333,0.631,0.079,0.354,11,-2.9,0.28,81,1.44,25.6%,43.9%,30.5%,0,0,0,0
David Peterson,L,NYM,NYM,Away,CHC,2022-07-17,Christopher Morel,R,CHC,,,10.26,4.32,2.38,0.54,26.1%,11.0%,15.1%,0.237,1.36,0.318,78.5%,3.35,3.58,2.03,22.0%,52.3%,25.8%,8.1%,32.3%,0.25,0.204,0.262,0.37,0.633,0.167,0.265,5,-1.8,0.273,73,1.9,17.1%,54.3%,28.6%,1,0,0,0
David Peterson,L,NYM,NYM,Away,CHC,2022-07-17,Willson Contreras,R,CHC,,,10.26,4.32,2.38,0.54,26.1%,11.0%,15.1%,0.237,1.36,0.318,78.5%,3.35,3.58,2.03,22.0%,52.3%,25.8%,8.3%,22.6%,0.37,0.296,0.405,0.704,1.109,0.408,0.311,20,10.3,0.464,202,1.05,17.3%,42.3%,40.4%,1,0,0,0
David Peterson,L,NYM,NYM,Away,CHC,2022-07-17,Ian Happ,R,CHC,,,10.26,4.32,2.38,0.54,26.1%,11.0%,15.1%,0.237,1.36,0.318,78.5%,3.35,3.58,2.03,22.0%,52.3%,25.8%,7.5%,25.0%,0.3,0.347,0.413,0.528,0.94,0.181,0.46,16,6.3,0.408,164,2.15,21.2%,53.8%,25.0%,1,0,1,0
David Peterson,L,NYM,NYM,Away,CHC,2022-07-17,Seiya Suzuki,R,CHC,,,10.26,4.32,2.38,0.54,26.1%,11.0%,15.1%,0.237,1.36,0.318,78.5%,3.35,3.58,2.03,22.0%,52.3%,25.8%,13.1%,14.8%,0.89,0.245,0.344,0.509,0.854,0.264,0.244,9,2.3,0.356,129,1.12,18.2%,43.2%,38.6%,1,0,0,0
David Peterson,L,NYM,NYM,Away,CHC,2022-07-17,Nico Hoerner,R,CHC,,,10.26,4.32,2.38,0.54,26.1%,11.0%,15.1%,0.237,1.36,0.318,78.5%,3.35,3.58,2.03,22.0%,52.3%,25.8%,2.5%,11.3%,0.22,0.321,0.338,0.487,0.825,0.167,0.353,12,2.8,0.355,128,1.25,21.7%,43.5%,34.8%,1,0,0,0
David Peterson,L,NYM,NYM,Away,CHC,2022-07-17,Frank Schwindel,R,CHC,,,10.26,4.32,2.38,0.54,26.1%,11.0%,15.1%,0.237,1.36,0.318,78.5%,3.35,3.58,2.03,22.0%,52.3%,25.8%,6.0%,22.4%,0.27,0.254,0.299,0.429,0.727,0.175,0.289,8,0.3,0.317,102,1.24,20.8%,43.8%,35.4%,1,0,0,0
David Peterson,L,NYM,NYM,Away,CHC,2022-07-17,Patrick Wisdom,R,CHC,,,10.26,4.32,2.38,0.54,26.1%,11.0%,15.1%,0.237,1.36,0.318,78.5%,3.35,3.58,2.03,22.0%,52.3%,25.8%,9.5%,32.6%,0.29,0.268,0.362,0.512,0.874,0.244,0.37,16,5.0,0.376,142,0.77,23.5%,33.3%,43.1%,1,0,0,0
David Peterson,L,NYM,NYM,Away,CHC,2022-07-17,David Bote,R,CHC,,,10.26,4.32,2.38,0.54,26.1%,11.0%,15.1%,0.237,1.36,0.318,78.5%,3.35,3.58,2.03,22.0%,52.3%,25.8%,18.2%,45.5%,0.4,0.375,0.545,0.625,1.17,0.25,1.0,3,1.7,0.501,227,0.0,100.0%,0.0%,0.0%,1,0,0,1
David Peterson,L,NYM,NYM,Away,CHC,2022-07-17,Nelson Velazquez,R,CHC,,,10.26,4.32,2.38,0.54,26.1%,11.0%,15.1%,0.237,1.36,0.318,78.5%,3.35,3.58,2.03,22.0%,52.3%,25.8%,NA,NA,NA,NA,NA,NA,NA,NA,NA,NA,NA,NA,NA,NA,NA,NA,NA,1,0,0,0
Adrian Sampson,R,CHC,CHC,Home,NYM,2022-07-17,Brandon Nimmo,L,NYM,,,5.11,1.46,3.5,0.73,14.0%,4.0%,10.0%,0.271,1.22,0.3,51.5%,3.51,3.79,1.64,29.3%,43.9%,26.8%,9.6%,15.5%,0.62,0.271,0.352,0.427,0.779,0.156,0.299,31,5.6,0.342,127,1.84,20.9%,51.3%,27.8%,0,0,0,0
Adrian Sampson,R,CHC,CHC,Home,NYM,2022-07-17,Starling Marte,R,NYM,,,9.2,1.84,5.0,1.23,25.0%,5.0%,20.0%,0.211,1.02,0.25,82.0%,3.45,3.51,1.0,14.3%,42.9%,42.9%,4.0%,15.7%,0.26,0.271,0.323,0.425,0.748,0.155,0.305,29,3.1,0.327,117,1.92,18.1%,53.8%,28.1%,0,0,0,0
Adrian Sampson,R,CHC,CHC,Home,NYM,2022-07-17,Francisco Lindor,L,NYM,,,5.11,1.46,3.5,0.73,14.0%,4.0%,10.0%,0.271,1.22,0.3,51.5%,3.51,3.79,1.64,29.3%,43.9%,26.8%,7.5%,19.9%,0.38,0.245,0.316,0.435,0.75,0.19,0.271,34,3.1,0.325,115,1.16,18.8%,43.5%,37.6%,0,0,0,0
Adrian Sampson,R,CHC,CHC,Home,NYM,2022-07-17,Pete Alonso,R,NYM,,,9.2,1.84,5.0,1.23,25.0%,5.0%,20.0%,0.211,1.02,0.25,82.0%,3.45,3.51,1.0,14.3%,42.9%,42.9%,7.7%,20.8%,0.37,0.289,0.354,0.55,0.904,0.26,0.306,46,14.8,0.378,151,0.78,22.1%,34.2%,43.7%,0,0,0,0
Adrian Sampson,R,CHC,CHC,Home,NYM,2022-07-17,Jeff McNeil,L,NYM,,,5.11,1.46,3.5,0.73,14.0%,4.0%,10.0%,0.271,1.22,0.3,51.5%,3.51,3.79,1.64,29.3%,43.9%,26.8%,5.8%,18.3%,0.32,0.27,0.324,0.446,0.77,0.176,0.308,33,4.7,0.335,117,1.19,21.8%,42.5%,35.8%,0,0,0,0
Adrian Sampson,R,CHC,CHC,Home,NYM,2022-07-17,Eduardo Escobar,L,NYM,,,5.11,1.46,3.5,0.73,14.0%,4.0%,10.0%,0.271,1.22,0.3,51.5%,3.51,3.79,1.64,29.3%,43.9%,26.8%,8.5%,24.4%,0.35,0.199,0.265,0.327,0.592,0.128,0.243,18,-8.9,0.262,73,0.59,22.9%,28.7%,48.4%,0,0,0,1
Adrian Sampson,R,CHC,CHC,Home,NYM,2022-07-17,Mark Canha,R,NYM,,,9.2,1.84,5.0,1.23,25.0%,5.0%,20.0%,0.211,1.02,0.25,82.0%,3.45,3.51,1.0,14.3%,42.9%,42.9%,9.7%,18.9%,0.51,0.293,0.395,0.382,0.777,0.089,0.358,27,6.1,0.352,133,1.66,24.4%,47.2%,28.5%,0,0,0,0
Adrian Sampson,R,CHC,CHC,Home,NYM,2022-07-17,Luis Guillorme,L,NYM,,,5.11,1.46,3.5,0.73,14.0%,4.0%,10.0%,0.271,1.22,0.3,51.5%,3.51,3.79,1.64,29.3%,43.9%,26.8%,10.6%,14.1%,0.75,0.344,0.414,0.432,0.846,0.088,0.398,24,7.2,0.374,148,3.47,26.2%,57.3%,16.5%,0,0,1,0
Adrian Sampson,R,CHC,CHC,Home,NYM,2022-07-17,Patrick Mazeika,L,NYM,,,5.11,1.46,3.5,0.73,14.0%,4.0%,10.0%,0.271,1.22,0.3,51.5%,3.51,3.79,1.64,29.3%,43.9%,26.8%,4.3%,13.0%,0.33,0.159,0.196,0.273,0.468,0.114,0.162,2,-3.8,0.207,35,1.0,26.3%,36.8%,36.8%,0,0,0,0
Chris Flexen,R,SEA,SEA,Away,TEX,2022-07-17,Josh H. Smith,L,TEX,,,6.92,4.15,1.67,0.69,18.1%,10.8%,7.2%,0.231,1.33,0.27,85.8%,3.96,4.91,0.67,25.4%,29.8%,44.7%,14.1%,15.5%,0.91,0.293,0.4,0.345,0.745,0.052,0.354,10,1.7,0.34,123,0.75,40.4%,25.5%,34.0%,0,1,0,0
Chris Flexen,R,SEA,SEA,Away,TEX,2022-07-17,Marcus Semien,R,TEX,,,6.35,2.47,2.57,1.41,16.3%,6.3%,10.0%,0.293,1.45,0.321,72.1%,4.62,4.89,0.73,18.9%,34.3%,46.7%,6.1%,17.3%,0.35,0.23,0.278,0.375,0.653,0.145,0.251,26,-5.5,0.285,85,0.67,18.5%,32.7%,48.8%,0,1,0,1
Chris Flexen,R,SEA,SEA,Away,TEX,2022-07-17,Corey Seager,L,TEX,,,6.92,4.15,1.67,0.69,18.1%,10.8%,7.2%,0.231,1.33,0.27,85.8%,3.96,4.91,0.67,25.4%,29.8%,44.7%,9.2%,16.0%,0.57,0.239,0.313,0.436,0.749,0.197,0.238,32,1.9,0.319,109,0.82,25.8%,33.5%,40.7%,0,1,0,0
Chris Flexen,R,SEA,SEA,Away,TEX,2022-07-17,Nathaniel Lowe,L,TEX,,,6.92,4.15,1.67,0.69,18.1%,10.8%,7.2%,0.231,1.33,0.27,85.8%,3.96,4.91,0.67,25.4%,29.8%,44.7%,7.5%,24.7%,0.31,0.271,0.326,0.385,0.711,0.113,0.346,28,0.6,0.313,105,1.42,21.0%,46.3%,32.7%,0,1,0,0
Chris Flexen,R,SEA,SEA,Away,TEX,2022-07-17,Adolis Garcia,R,TEX,,,6.35,2.47,2.57,1.41,16.3%,6.3%,10.0%,0.293,1.45,0.321,72.1%,4.62,4.89,0.73,18.9%,34.3%,46.7%,NA,NA,NA,NA,NA,NA,NA,NA,NA,NA,NA,NA,NA,NA,NA,NA,NA,0,1,0,0
Chris Flexen,R,SEA,SEA,Away,TEX,2022-07-17,Leody Taveras,L,TEX,,,6.92,4.15,1.67,0.69,18.1%,10.8%,7.2%,0.231,1.33,0.27,85.8%,3.96,4.91,0.67,25.4%,29.8%,44.7%,3.6%,21.8%,0.17,0.308,0.327,0.519,0.847,0.212,0.359,9,2.2,0.36,137,0.55,24.4%,26.8%,48.8%,0,1,0,1
Chris Flexen,R,SEA,SEA,Away,TEX,2022-07-17,Kole Calhoun,L,TEX,,,6.92,4.15,1.67,0.69,18.1%,10.8%,7.2%,0.231,1.33,0.27,85.8%,3.96,4.91,0.67,25.4%,29.8%,44.7%,6.2%,27.1%,0.23,0.232,0.284,0.406,0.69,0.174,0.286,24,-1.8,0.3,95,0.95,25.0%,36.5%,38.5%,0,1,0,0
Chris Flexen,R,SEA,SEA,Away,TEX,2022-07-17,Brad Miller,L,TEX,,,6.92,4.15,1.67,0.69,18.1%,10.8%,7.2%,0.231,1.33,0.27,85.8%,3.96,4.91,0.67,25.4%,29.8%,44.7%,7.0%,25.6%,0.27,0.22,0.273,0.346,0.619,0.126,0.264,15,-5.0,0.274,77,1.09,14.8%,44.3%,40.9%,0,1,0,0
Chris Flexen,R,SEA,SEA,Away,TEX,2022-07-17,Meibrys Viloria,L,TEX,,,6.92,4.15,1.67,0.69,18.1%,10.8%,7.2%,0.231,1.33,0.27,85.8%,3.96,4.91,0.67,25.4%,29.8%,44.7%,27.3%,18.2%,1.5,0.25,0.455,0.25,0.705,0.0,0.333,2,0.3,0.349,130,5.0,0.0%,83.3%,16.7%,0,1,1,0
Glenn Otto,R,TEX,TEX,Home,SEA,2022-07-17,Julio Rodriguez,R,SEA,,,7.67,4.33,1.77,1.0,18.5%,10.5%,8.1%,0.292,1.63,0.346,63.9%,4.74,4.79,1.48,20.2%,47.6%,32.1%,NA,NA,NA,NA,NA,NA,NA,NA,NA,NA,NA,NA,NA,NA,NA,NA,NA,0,0,0,0
Glenn Otto,R,TEX,TEX,Home,SEA,2022-07-17,Ty France,R,SEA,,,7.67,4.33,1.77,1.0,18.5%,10.5%,8.1%,0.292,1.63,0.346,63.9%,4.74,4.79,1.48,20.2%,47.6%,32.1%,6.0%,14.7%,0.41,0.31,0.377,0.469,0.846,0.159,0.341,41,11.7,0.368,147,1.35,22.1%,44.7%,33.2%,0,0,0,0
Glenn Otto,R,TEX,TEX,Home,SEA,2022-07-17,Jesse Winker,L,SEA,,,6.28,6.28,1.0,0.94,16.4%,16.4%,0.0%,0.204,1.4,0.218,67.9%,5.27,5.32,1.15,25.6%,39.7%,34.6%,14.9%,17.4%,0.86,0.218,0.336,0.302,0.638,0.084,0.258,25,-3.3,0.293,94,0.82,23.5%,34.6%,42.0%,0,0,0,0
Glenn Otto,R,TEX,TEX,Home,SEA,2022-07-17,Carlos Santana,L,SEA,,,6.28,6.28,1.0,0.94,16.4%,16.4%,0.0%,0.204,1.4,0.218,67.9%,5.27,5.32,1.15,25.6%,39.7%,34.6%,15.2%,17.8%,0.85,0.198,0.319,0.358,0.677,0.16,0.213,21,-1.2,0.302,95,0.68,14.8%,34.4%,50.8%,0,0,0,1
Glenn Otto,R,TEX,TEX,Home,SEA,2022-07-17,Eugenio Suarez,R,SEA,,,7.67,4.33,1.77,1.0,18.5%,10.5%,8.1%,0.292,1.63,0.346,63.9%,4.74,4.79,1.48,20.2%,47.6%,32.1%,NA,NA,NA,NA,NA,NA,NA,NA,NA,NA,NA,NA,NA,NA,NA,NA,NA,0,0,0,0
Glenn Otto,R,TEX,TEX,Home,SEA,2022-07-17,J.P. Crawford,L,SEA,,,6.28,6.28,1.0,0.94,16.4%,16.4%,0.0%,0.204,1.4,0.218,67.9%,5.27,5.32,1.15,25.6%,39.7%,34.6%,9.9%,12.8%,0.77,0.296,0.383,0.394,0.777,0.099,0.339,35,7.4,0.348,133,1.34,27.6%,41.4%,30.9%,0,0,0,0
Glenn Otto,R,TEX,TEX,Home,SEA,2022-07-17,Cal Raleigh,L,SEA,,,6.28,6.28,1.0,0.94,16.4%,16.4%,0.0%,0.204,1.4,0.218,67.9%,5.27,5.32,1.15,25.6%,39.7%,34.6%,6.2%,29.7%,0.21,0.179,0.234,0.433,0.667,0.254,0.181,14,-2.8,0.286,89,0.69,17.4%,33.7%,48.9%,0,0,0,1
Glenn Otto,R,TEX,TEX,Home,SEA,2022-07-17,Adam Frazier,L,SEA,,,6.28,6.28,1.0,0.94,16.4%,16.4%,0.0%,0.204,1.4,0.218,67.9%,5.27,5.32,1.15,25.6%,39.7%,34.6%,8.3%,12.1%,0.69,0.224,0.288,0.282,0.57,0.058,0.254,19,-11.3,0.257,69,1.08,27.3%,37.8%,34.9%,0,0,0,0
Glenn Otto,R,TEX,TEX,Home,SEA,2022-07-17,Sam Haggerty,L,SEA,,,6.28,6.28,1.0,0.94,16.4%,16.4%,0.0%,0.204,1.4,0.218,67.9%,5.27,5.32,1.15,25.6%,39.7%,34.6%,3.0%,24.2%,0.13,0.167,0.242,0.3,0.542,0.133,0.19,2,-1.7,0.246,61,1.67,20.0%,50.0%,30.0%,0,0,0,0
Bryse Wilson,R,PIT,PIT,Away,COL,2022-07-17,Charlie Blackmon,L,COL,,,NA,NA,NA,NA,NA,NA,NA,NA,NA,NA,NA,NA,NA,NA,NA,NA,NA,7.9%,19.6%,0.4,0.259,0.321,0.486,0.807,0.227,0.274,35,7.0,0.347,110,1.13,22.4%,41.2%,36.5%,0,0,0,0
Bryse Wilson,R,PIT,PIT,Away,COL,2022-07-17,Jose Iglesias,R,COL,,,NA,NA,NA,NA,NA,NA,NA,NA,NA,NA,NA,NA,NA,NA,NA,NA,NA,NA,NA,NA,NA,NA,NA,NA,NA,NA,NA,NA,NA,NA,NA,NA,NA,NA,0,0,0,0
Bryse Wilson,R,PIT,PIT,Away,COL,2022-07-17,Kris Bryant,R,COL,,,NA,NA,NA,NA,NA,NA,NA,NA,NA,NA,NA,NA,NA,NA,NA,NA,NA,8.9%,22.0%,0.4,0.282,0.364,0.427,0.792,0.146,0.347,34,6.8,0.347,125,0.98,26.9%,36.3%,36.9%,0,0,0,0
Bryse Wilson,R,PIT,PIT,Away,COL,2022-07-17,C.J. Cron,R,COL,,,NA,NA,NA,NA,NA,NA,NA,NA,NA,NA,NA,NA,NA,NA,NA,NA,NA,5.9%,23.7%,0.25,0.313,0.365,0.578,0.943,0.265,0.367,48,18.5,0.402,148,0.84,20.9%,36.0%,43.0%,0,0,0,0
Bryse Wilson,R,PIT,PIT,Away,COL,2022-07-17,Brendan Rodgers,R,COL,,,NA,NA,NA,NA,NA,NA,NA,NA,NA,NA,NA,NA,NA,NA,NA,NA,NA,5.9%,19.5%,0.3,0.22,0.267,0.351,0.618,0.132,0.256,19,-7.0,0.271,58,1.45,16.5%,49.4%,34.1%,0,0,0,0
Bryse Wilson,R,PIT,PIT,Away,COL,2022-07-17,Ryan McMahon,L,COL,,,NA,NA,NA,NA,NA,NA,NA,NA,NA,NA,NA,NA,NA,NA,NA,NA,NA,10.3%,27.4%,0.38,0.249,0.329,0.411,0.741,0.163,0.331,30,3.0,0.326,96,1.29,24.1%,42.8%,33.1%,0,0,0,0
Bryse Wilson,R,PIT,PIT,Away,COL,2022-07-17,Randal Grichuk,R,COL,,,NA,NA,NA,NA,NA,NA,NA,NA,NA,NA,NA,NA,NA,NA,NA,NA,NA,4.2%,26.8%,0.16,0.213,0.258,0.32,0.578,0.107,0.268,14,-8.1,0.256,49,1.67,10.2%,56.3%,33.6%,0,0,0,0
Bryse Wilson,R,PIT,PIT,Away,COL,2022-07-17,Sam Hilliard,L,COL,,,NA,NA,NA,NA,NA,NA,NA,NA,NA,NA,NA,NA,NA,NA,NA,NA,NA,10.2%,26.9%,0.38,0.177,0.259,0.281,0.541,0.104,0.239,7,-5.6,0.245,41,1.23,14.7%,47.1%,38.2%,0,0,0,0
Bryse Wilson,R,PIT,PIT,Away,COL,2022-07-17,Elias Diaz,R,COL,,,NA,NA,NA,NA,NA,NA,NA,NA,NA,NA,NA,NA,NA,NA,NA,NA,NA,NA,NA,NA,NA,NA,NA,NA,NA,NA,NA,NA,NA,NA,NA,NA,NA,NA,0,0,0,0
Austin Gomber,L,COL,COL,Home,PIT,2022-07-17,Kevin Newman,R,PIT,,,6.79,2.83,2.4,1.84,17.1%,7.1%,10.0%,0.314,1.57,0.338,59.2%,5.25,4.25,1.28,22.1%,43.8%,34.1%,3.3%,6.7%,0.5,0.345,0.367,0.448,0.815,0.103,0.37,5,1.1,0.356,130,1.71,29.6%,44.4%,25.9%,0,0,0,0
Austin Gomber,L,COL,COL,Home,PIT,2022-07-17,Ke'Bryan Hayes,R,PIT,,,6.79,2.83,2.4,1.84,17.1%,7.1%,10.0%,0.314,1.57,0.338,59.2%,5.25,4.25,1.28,22.1%,43.8%,34.1%,8.4%,11.2%,0.75,0.33,0.393,0.495,0.887,0.165,0.354,19,6.6,0.387,152,1.62,20.0%,49.4%,30.6%,0,0,0,0
Austin Gomber,L,COL,COL,Home,PIT,2022-07-17,Michael Chavis,R,PIT,,,6.79,2.83,2.4,1.84,17.1%,7.1%,10.0%,0.314,1.57,0.338,59.2%,5.25,4.25,1.28,22.1%,43.8%,34.1%,6.5%,31.5%,0.21,0.26,0.306,0.49,0.796,0.23,0.328,15,2.3,0.337,118,1.04,16.7%,42.4%,40.9%,0,0,0,0
Austin Gomber,L,COL,COL,Home,PIT,2022-07-17,Daniel Vogelbach,L,PIT,,,6.2,1.77,3.5,0.44,17.7%,5.1%,12.7%,0.216,0.98,0.254,71.4%,3.11,4.3,0.92,20.0%,38.3%,41.7%,13.0%,24.6%,0.53,0.133,0.246,0.15,0.396,0.017,0.186,2,-6.2,0.198,24,1.57,16.3%,51.2%,32.6%,0,0,0,0
Austin Gomber,L,COL,COL,Home,PIT,2022-07-17,Diego Castillo,R,PIT,,,6.79,2.83,2.4,1.84,17.1%,7.1%,10.0%,0.314,1.57,0.338,59.2%,5.25,4.25,1.28,22.1%,43.8%,34.1%,3.5%,27.4%,0.13,0.262,0.292,0.551,0.843,0.29,0.29,17,4.0,0.354,129,0.91,18.2%,39.0%,42.9%,0,0,0,0
Austin Gomber,L,COL,COL,Home,PIT,2022-07-17,Ben Gamel,L,PIT,,,6.2,1.77,3.5,0.44,17.7%,5.1%,12.7%,0.216,0.98,0.254,71.4%,3.11,4.3,0.92,20.0%,38.3%,41.7%,12.8%,27.7%,0.46,0.244,0.34,0.317,0.657,0.073,0.357,5,-0.4,0.3,93,1.29,40.7%,33.3%,25.9%,0,0,0,0
Austin Gomber,L,COL,COL,Home,PIT,2022-07-17,Jake Marisnick,R,PIT,,,6.79,2.83,2.4,1.84,17.1%,7.1%,10.0%,0.314,1.57,0.338,59.2%,5.25,4.25,1.28,22.1%,43.8%,34.1%,6.5%,19.4%,0.33,0.103,0.161,0.276,0.437,0.172,0.091,1,-2.9,0.193,20,0.5,10.0%,30.0%,60.0%,0,0,0,1
Austin Gomber,L,COL,COL,Home,PIT,2022-07-17,Oneil Cruz,L,PIT,,,6.2,1.77,3.5,0.44,17.7%,5.1%,12.7%,0.216,0.98,0.254,71.4%,3.11,4.3,0.92,20.0%,38.3%,41.7%,3.0%,57.6%,0.05,0.194,0.212,0.387,0.599,0.194,0.417,2,-1.6,0.251,59,0.8,30.8%,30.8%,38.5%,0,0,0,0
Austin Gomber,L,COL,COL,Home,PIT,2022-07-17,Jason Delay,R,PIT,,,6.79,2.83,2.4,1.84,17.1%,7.1%,10.0%,0.314,1.57,0.338,59.2%,5.25,4.25,1.28,22.1%,43.8%,34.1%,6.3%,12.5%,0.5,0.267,0.313,0.4,0.713,0.133,0.308,2,0.0,0.311,100,1.5,23.1%,46.2%,30.8%,0,0,0,0
Aaron Ashby,L,MIL,MIL,Away,SF,2022-07-17,Austin Slater,R,SF,,,9.88,3.88,2.55,1.24,25.7%,10.1%,15.6%,0.236,1.33,0.295,76.0%,4.05,3.08,3.18,14.6%,65.0%,20.4%,13.1%,28.3%,0.46,0.301,0.404,0.482,0.886,0.181,0.415,17,6.0,0.386,154,1.65,18.2%,50.9%,30.9%,1,0,0,0
Aaron Ashby,L,MIL,MIL,Away,SF,2022-07-17,Yermin Mercedes,R,SF,,,9.88,3.88,2.55,1.24,25.7%,10.1%,15.6%,0.236,1.33,0.295,76.0%,4.05,3.08,3.18,14.6%,65.0%,20.4%,NA,NA,NA,NA,NA,NA,NA,NA,NA,NA,NA,NA,NA,NA,NA,NA,NA,1,0,0,0
Aaron Ashby,L,MIL,MIL,Away,SF,2022-07-17,Wilmer Flores,R,SF,,,9.88,3.88,2.55,1.24,25.7%,10.1%,15.6%,0.236,1.33,0.295,76.0%,4.05,3.08,3.18,14.6%,65.0%,20.4%,10.4%,18.8%,0.56,0.225,0.333,0.4,0.733,0.175,0.246,12,0.8,0.321,109,0.51,12.5%,29.7%,57.8%,1,0,0,1
Aaron Ashby,L,MIL,MIL,Away,SF,2022-07-17,Evan Longoria,R,SF,,,9.88,3.88,2.55,1.24,25.7%,10.1%,15.6%,0.236,1.33,0.295,76.0%,4.05,3.08,3.18,14.6%,65.0%,20.4%,8.5%,28.8%,0.29,0.283,0.339,0.491,0.83,0.208,0.353,9,1.9,0.351,129,0.63,16.2%,32.4%,51.4%,1,0,0,1
Aaron Ashby,L,MIL,MIL,Away,SF,2022-07-17,Joc Pederson,L,SF,,,14.21,4.97,2.86,1.42,32.3%,11.3%,21.0%,0.302,1.82,0.438,56.6%,3.9,3.14,1.18,27.3%,39.4%,33.3%,2.9%,29.4%,0.1,0.219,0.235,0.438,0.673,0.219,0.238,3,-0.7,0.283,84,1.2,4.3%,52.2%,43.5%,0,0,0,0
Aaron Ashby,L,MIL,MIL,Away,SF,2022-07-17,Thairo Estrada,R,SF,,,9.88,3.88,2.55,1.24,25.7%,10.1%,15.6%,0.236,1.33,0.295,76.0%,4.05,3.08,3.18,14.6%,65.0%,20.4%,6.3%,12.5%,0.5,0.26,0.313,0.534,0.847,0.274,0.237,12,3.1,0.359,135,1.43,20.3%,46.9%,32.8%,1,0,0,0
Aaron Ashby,L,MIL,MIL,Away,SF,2022-07-17,Mike Yastrzemski,L,SF,,,14.21,4.97,2.86,1.42,32.3%,11.3%,21.0%,0.302,1.82,0.438,56.6%,3.9,3.14,1.18,27.3%,39.4%,33.3%,4.2%,28.2%,0.15,0.185,0.239,0.385,0.624,0.2,0.209,6,-2.3,0.27,74,0.95,6.5%,45.7%,47.8%,0,0,0,0
Aaron Ashby,L,MIL,MIL,Away,SF,2022-07-17,Joey Bart,R,SF,,,9.88,3.88,2.55,1.24,25.7%,10.1%,15.6%,0.236,1.33,0.295,76.0%,4.05,3.08,3.18,14.6%,65.0%,20.4%,13.8%,48.3%,0.29,0.12,0.241,0.36,0.601,0.24,0.111,2,-1.0,0.268,73,1.0,27.3%,36.4%,36.4%,1,0,0,0
Aaron Ashby,L,MIL,MIL,Away,SF,2022-07-17,LaMonte Wade Jr.,L,SF,,,14.21,4.97,2.86,1.42,32.3%,11.3%,21.0%,0.302,1.82,0.438,56.6%,3.9,3.14,1.18,27.3%,39.4%,33.3%,0.0%,8.3%,0.0,0.091,0.083,0.091,0.174,0.0,0.091,-1,-2.3,0.074,-58,0.8,18.2%,36.4%,45.5%,0,0,0,0
Logan Webb,R,SF,SF,Home,MIL,2022-07-17,Christian Yelich,L,MIL,,,7.15,2.78,2.57,0.6,18.3%,7.1%,11.2%,0.267,1.37,0.317,76.9%,3.44,3.63,2.59,19.6%,58.0%,22.4%,13.4%,24.9%,0.54,0.24,0.349,0.389,0.738,0.149,0.309,34,3.6,0.328,109,1.57,19.2%,49.4%,31.4%,1,0,0,0
Logan Webb,R,SF,SF,Home,MIL,2022-07-17,Willy Adames,R,MIL,,,8.14,1.63,5.0,0.54,23.6%,4.7%,18.9%,0.208,0.93,0.261,73.6%,2.72,3.03,2.0,17.9%,54.7%,27.4%,8.8%,27.3%,0.32,0.214,0.287,0.474,0.762,0.26,0.228,28,3.1,0.328,110,0.76,19.0%,35.0%,46.0%,0,0,0,0
Logan Webb,R,SF,SF,Home,MIL,2022-07-17,Rowdy Tellez,L,MIL,,,7.15,2.78,2.57,0.6,18.3%,7.1%,11.2%,0.267,1.37,0.317,76.9%,3.44,3.63,2.59,19.6%,58.0%,22.4%,8.3%,17.9%,0.47,0.233,0.306,0.498,0.803,0.264,0.226,35,5.9,0.339,117,0.89,15.3%,39.9%,44.8%,1,0,0,0
Logan Webb,R,SF,SF,Home,MIL,2022-07-17,Andrew McCutchen,R,MIL,,,8.14,1.63,5.0,0.54,23.6%,4.7%,18.9%,0.208,0.93,0.261,73.6%,2.72,3.03,2.0,17.9%,54.7%,27.4%,8.3%,18.3%,0.45,0.274,0.339,0.394,0.733,0.12,0.317,29,2.7,0.325,107,1.23,17.4%,45.5%,37.1%,0,0,0,0
Logan Webb,R,SF,SF,Home,MIL,2022-07-17,Kolten Wong,L,MIL,,,7.15,2.78,2.57,0.6,18.3%,7.1%,11.2%,0.267,1.37,0.317,76.9%,3.44,3.63,2.59,19.6%,58.0%,22.4%,8.6%,18.7%,0.46,0.266,0.343,0.48,0.823,0.214,0.301,30,7.0,0.354,127,1.08,26.5%,38.2%,35.3%,1,0,0,0
Logan Webb,R,SF,SF,Home,MIL,2022-07-17,Jace Peterson,L,MIL,,,7.15,2.78,2.57,0.6,18.3%,7.1%,11.2%,0.267,1.37,0.317,76.9%,3.44,3.63,2.59,19.6%,58.0%,22.4%,8.8%,27.0%,0.33,0.247,0.315,0.434,0.749,0.187,0.311,26,2.2,0.324,107,1.15,20.5%,42.5%,37.0%,1,0,0,0
Logan Webb,R,SF,SF,Home,MIL,2022-07-17,Hunter Renfroe,R,MIL,,,8.14,1.63,5.0,0.54,23.6%,4.7%,18.9%,0.208,0.93,0.261,73.6%,2.72,3.03,2.0,17.9%,54.7%,27.4%,6.8%,24.2%,0.28,0.242,0.292,0.45,0.742,0.208,0.272,20,1.3,0.32,104,0.69,18.0%,33.3%,48.6%,0,0,0,1
Logan Webb,R,SF,SF,Home,MIL,2022-07-17,Omar Narvaez,L,MIL,,,7.15,2.78,2.57,0.6,18.3%,7.1%,11.2%,0.267,1.37,0.317,76.9%,3.44,3.63,2.59,19.6%,58.0%,22.4%,NA,NA,NA,NA,NA,NA,NA,NA,NA,NA,NA,NA,NA,NA,NA,NA,NA,1,0,0,0
Logan Webb,R,SF,SF,Home,MIL,2022-07-17,Jonathan Davis,R,MIL,,,8.14,1.63,5.0,0.54,23.6%,4.7%,18.9%,0.208,0.93,0.261,73.6%,2.72,3.03,2.0,17.9%,54.7%,27.4%,10.5%,21.1%,0.5,0.206,0.289,0.206,0.495,0.0,0.269,2,-2.3,0.236,47,3.2,19.2%,61.5%,19.2%,0,0,1,0
Merrill Kelly,R,ARI,ARI,Away,SD,2022-07-17,Jurickson Profar,L,SD,,,7.29,3.55,2.06,0.59,19.5%,9.5%,10.0%,0.222,1.23,0.265,79.2%,3.53,4.4,1.0,20.9%,39.6%,39.6%,12.3%,16.0%,0.77,0.248,0.346,0.414,0.76,0.167,0.277,33,5.0,0.336,120,0.97,22.8%,38.0%,39.2%,0,0,0,0
Merrill Kelly,R,ARI,ARI,Away,SD,2022-07-17,Jake Cronenworth,L,SD,,,7.29,3.55,2.06,0.59,19.5%,9.5%,10.0%,0.222,1.23,0.265,79.2%,3.53,4.4,1.0,20.9%,39.6%,39.6%,10.8%,17.3%,0.62,0.23,0.327,0.387,0.714,0.158,0.264,31,1.1,0.315,106,0.59,20.1%,29.6%,50.3%,0,0,0,1
Merrill Kelly,R,ARI,ARI,Away,SD,2022-07-17,Manny Machado,R,SD,,,7.21,2.76,2.61,0.46,19.7%,7.5%,12.1%,0.242,1.21,0.294,67.8%,3.14,4.0,1.35,18.5%,46.8%,34.7%,9.7%,21.9%,0.44,0.319,0.388,0.502,0.891,0.183,0.396,41,13.6,0.382,151,1.11,17.4%,43.5%,39.1%,0,0,0,0
Merrill Kelly,R,ARI,ARI,Away,SD,2022-07-17,Nomar Mazara,L,SD,,,7.29,3.55,2.06,0.59,19.5%,9.5%,10.0%,0.222,1.23,0.265,79.2%,3.53,4.4,1.0,20.9%,39.6%,39.6%,5.6%,17.8%,0.31,0.298,0.344,0.429,0.773,0.131,0.348,12,2.1,0.339,122,0.82,25.0%,33.8%,41.2%,0,0,0,0
Merrill Kelly,R,ARI,ARI,Away,SD,2022-07-17,Luke Voit,R,SD,,,7.21,2.76,2.61,0.46,19.7%,7.5%,12.1%,0.242,1.21,0.294,67.8%,3.14,4.0,1.35,18.5%,46.8%,34.7%,10.3%,31.3%,0.33,0.238,0.313,0.471,0.784,0.233,0.298,27,4.1,0.337,120,0.91,22.8%,36.8%,40.4%,0,0,0,0
Merrill Kelly,R,ARI,ARI,Away,SD,2022-07-17,Eric Hosmer,L,SD,,,7.29,3.55,2.06,0.59,19.5%,9.5%,10.0%,0.222,1.23,0.265,79.2%,3.53,4.4,1.0,20.9%,39.6%,39.6%,9.6%,16.6%,0.58,0.243,0.314,0.354,0.669,0.112,0.279,23,-3.8,0.289,88,2.56,17.8%,59.2%,23.1%,0,0,1,0
Merrill Kelly,R,ARI,ARI,Away,SD,2022-07-17,Austin Nola,R,SD,,,7.21,2.76,2.61,0.46,19.7%,7.5%,12.1%,0.242,1.21,0.294,67.8%,3.14,4.0,1.35,18.5%,46.8%,34.7%,8.9%,17.0%,0.52,0.233,0.311,0.293,0.604,0.06,0.271,12,-3.9,0.274,78,1.42,22.7%,45.4%,32.0%,0,0,0,0
Merrill Kelly,R,ARI,ARI,Away,SD,2022-07-17,Trent Grisham,L,SD,,,7.29,3.55,2.06,0.59,19.5%,9.5%,10.0%,0.222,1.23,0.265,79.2%,3.53,4.4,1.0,20.9%,39.6%,39.6%,13.5%,25.2%,0.53,0.191,0.307,0.325,0.632,0.134,0.242,22,-4.2,0.287,87,0.96,16.4%,41.0%,42.5%,0,0,0,0
Merrill Kelly,R,ARI,ARI,Away,SD,2022-07-17,C.J. Abrams,L,SD,,,7.29,3.55,2.06,0.59,19.5%,9.5%,10.0%,0.222,1.23,0.265,79.2%,3.53,4.4,1.0,20.9%,39.6%,39.6%,4.2%,16.8%,0.25,0.274,0.323,0.393,0.715,0.119,0.309,11,0.2,0.313,105,1.42,14.7%,50.0%,35.3%,0,0,0,0
Mike Clevinger,R,SD,SD,Home,ARI,2022-07-17,Josh Rojas,L,ARI,,,8.72,3.32,2.63,2.08,22.3%,8.5%,13.8%,0.25,1.34,0.271,73.9%,5.42,4.34,0.79,20.6%,34.9%,44.4%,7.7%,17.3%,0.45,0.287,0.337,0.453,0.791,0.167,0.325,23,3.8,0.339,116,0.88,19.0%,38.0%,43.0%,0,0,0,0
Mike Clevinger,R,SD,SD,Home,ARI,2022-07-17,Alek Thomas,L,ARI,,,8.72,3.32,2.63,2.08,22.3%,8.5%,13.8%,0.25,1.34,0.271,73.9%,5.42,4.34,0.79,20.6%,34.9%,44.4%,7.2%,20.4%,0.35,0.261,0.322,0.471,0.793,0.21,0.294,22,3.9,0.343,119,2.0,16.7%,55.6%,27.8%,0,0,0,0
Mike Clevinger,R,SD,SD,Home,ARI,2022-07-17,Ketel Marte,L,ARI,,,8.72,3.32,2.63,2.08,22.3%,8.5%,13.8%,0.25,1.34,0.271,73.9%,5.42,4.34,0.79,20.6%,34.9%,44.4%,14.5%,18.8%,0.77,0.246,0.357,0.417,0.775,0.171,0.291,33,5.5,0.34,117,1.29,14.2%,48.4%,37.4%,0,0,0,0
Mike Clevinger,R,SD,SD,Home,ARI,2022-07-17,Christian Walker,R,ARI,,,9.16,2.41,3.8,0.0,25.0%,6.6%,18.4%,0.186,0.96,0.255,73.7%,2.04,3.4,1.53,14.0%,52.0%,34.0%,12.3%,21.6%,0.57,0.179,0.291,0.419,0.71,0.24,0.159,31,0.3,0.311,98,0.85,12.1%,40.5%,47.4%,0,0,0,0
Mike Clevinger,R,SD,SD,Home,ARI,2022-07-17,David Peralta,L,ARI,,,8.72,3.32,2.63,2.08,22.3%,8.5%,13.8%,0.25,1.34,0.271,73.9%,5.42,4.34,0.79,20.6%,34.9%,44.4%,7.6%,23.7%,0.32,0.256,0.314,0.479,0.793,0.223,0.298,32,4.6,0.334,113,0.65,23.0%,30.4%,46.6%,0,0,0,1
Mike Clevinger,R,SD,SD,Home,ARI,2022-07-17,Daulton Varsho,L,ARI,,,8.72,3.32,2.63,2.08,22.3%,8.5%,13.8%,0.25,1.34,0.271,73.9%,5.42,4.34,0.79,20.6%,34.9%,44.4%,8.4%,23.2%,0.36,0.243,0.317,0.459,0.777,0.216,0.273,34,5.3,0.337,115,0.9,18.2%,38.8%,43.0%,0,0,0,0
Mike Clevinger,R,SD,SD,Home,ARI,2022-07-17,Sergio Alcantara,L,ARI,,,8.72,3.32,2.63,2.08,22.3%,8.5%,13.8%,0.25,1.34,0.271,73.9%,5.42,4.34,0.79,20.6%,34.9%,44.4%,NA,NA,NA,NA,NA,NA,NA,NA,NA,NA,NA,NA,NA,NA,NA,NA,NA,0,0,0,0
Mike Clevinger,R,SD,SD,Home,ARI,2022-07-17,Geraldo Perdomo,L,ARI,,,8.72,3.32,2.63,2.08,22.3%,8.5%,13.8%,0.25,1.34,0.271,73.9%,5.42,4.34,0.79,20.6%,34.9%,44.4%,12.9%,21.9%,0.59,0.18,0.295,0.267,0.562,0.087,0.23,16,-7.6,0.262,64,1.39,19.7%,46.7%,33.6%,0,0,0,0
Mike Clevinger,R,SD,SD,Home,ARI,2022-07-17,Jose Herrera,L,ARI,,,8.72,3.32,2.63,2.08,22.3%,8.5%,13.8%,0.25,1.34,0.271,73.9%,5.42,4.34,0.79,20.6%,34.9%,44.4%,8.3%,27.4%,0.3,0.173,0.244,0.2,0.444,0.027,0.25,3,-6.8,0.208,28,2.58,15.7%,60.8%,23.5%,0,0,1,0
Tyler Alexander,L,DET,DET,Away,CLE,2022-07-17,TBD,TBD,CLE,,,,,,,,,,,,,,,,,,,,NA,NA,NA,NA,NA,NA,NA,NA,NA,NA,NA,NA,NA,NA,NA,NA,NA,0,0,0,0
Shane Bieber,R,CLE,CLE,Home,DET,2022-07-17,TBD,TBD,DET,,,,,,,,,,,,,,,,,,,,NA,NA,NA,NA,NA,NA,NA,NA,NA,NA,NA,NA,NA,NA,NA,NA,NA,0,0,0,0
Graham Ashcraft,R,CIN,CIN,Away,STL,2022-07-17,TBD,TBD,STL,,,,,,,,,,,,,,,,,,,,NA,NA,NA,NA,NA,NA,NA,NA,NA,NA,NA,NA,NA,NA,NA,NA,NA,0,0,0,0
TBD,TBD,STL,STL,Home,CIN,2022-07-17,TBD,TBD,CIN,,,,,,,,,,,,,,,,,,,,,,,,,,,,,,,,,,,,,0,0,0,0
