Player,Player_url,Team,Team_abbr,Player_pos,Player_hand
Cedric Mullins,https://www.fangraphs.com/players/cedric-mullins-ii/17929/,orioles,BAL,CF,L
Trey Mancini,https://www.fangraphs.com/players/trey-mancini/15149/,orioles,BAL,DH,R
Anthony Santander,https://www.fangraphs.com/players/anthony-santander/14551/,orioles,BAL,RF,S
Ryan Mountcastle,https://www.fangraphs.com/players/ryan-mountcastle/18373/,orioles,BAL,1B,R
Austin Hays,https://www.fangraphs.com/players/austin-hays/19363/,orioles,BAL,LF,R
Adley Rutschman,https://www.fangraphs.com/players/adley-rutschman/26288/,orioles,BAL,C,S
Ramón Urías,https://www.fangraphs.com/players/ramon-urias/18795/,orioles,BAL,3B,R
Rougned Odor,https://www.fangraphs.com/players/rougned-odor/12282/,orioles,BAL,2B,L
Jorge Mateo,https://www.fangraphs.com/players/jorge-mateo/17273/,orioles,BAL,SS,R
Robinson Chirinos,https://www.fangraphs.com/players/robinson-chirinos/3142/,orioles,BAL,C,R
Jonathan Araúz,https://www.fangraphs.com/players/jonathan-arauz/20275/,orioles,BAL,INF,S
Tyler Nevin,https://www.fangraphs.com/players/tyler-nevin/17893/,orioles,BAL,INF/OF,R
Ryan McKenna,https://www.fangraphs.com/players/ryan-mckenna/19928/,orioles,BAL,OF,R
Jordan Lyles,https://www.fangraphs.com/players/jordan-lyles/7593/,orioles,BAL,SP,R
Spenser Watkins,https://www.fangraphs.com/players/spenser-watkins/17489/,orioles,BAL,SP,R
Tyler Wells,https://www.fangraphs.com/players/tyler-wells/20000/,orioles,BAL,SP,R
Dean Kremer,https://www.fangraphs.com/players/dean-kremer/19350/,orioles,BAL,SP,R
Austin Voth,https://www.fangraphs.com/players/austin-voth/15047/,orioles,BAL,SP,R
Jorge López,https://www.fangraphs.com/players/jorge-lopez/14527/,orioles,BAL,RP,R
Félix Bautista,https://www.fangraphs.com/players/felix-bautista/20666/,orioles,BAL,RP,R
Dillon Tate,https://www.fangraphs.com/players/dillon-tate/17796/,orioles,BAL,RP,R
Cionel Pérez,https://www.fangraphs.com/players/cionel-perez/19614/,orioles,BAL,RP,L
Joey Krehbiel,https://www.fangraphs.com/players/joey-krehbiel/13707/,orioles,BAL,RP,R
Keegan Akin,https://www.fangraphs.com/players/keegan-akin/19362/,orioles,BAL,RP,L
Bryan Baker,https://www.fangraphs.com/players/bryan-baker/19804/,orioles,BAL,RP,R
Rico Garcia,https://www.fangraphs.com/players/rico-garcia/20023/,orioles,BAL,RP,R
Kyle Bradish,https://www.fangraphs.com/players/kyle-bradish/24586/,orioles,BAL,SP,R
Chris Ellis,https://www.fangraphs.com/players/chris-ellis/16125/,orioles,BAL,SP,R
John Means,https://www.fangraphs.com/players/john-means/16269/,orioles,BAL,SP,L
Louis Head,https://www.fangraphs.com/players/louis-head/13259/,orioles,BAL,RP,R
Travis Lakins Sr.,https://www.fangraphs.com/players/travis-lakins-sr/18600/,orioles,BAL,RP,R
Alexander Wells,https://www.fangraphs.com/players/alexander-wells/19845/,orioles,BAL,RP,L
Jarren Duran,https://www.fangraphs.com/players/jarren-duran/24617/,red sox,BOS,CF,L
Rafael Devers,https://www.fangraphs.com/players/rafael-devers/17350/,red sox,BOS,3B,L
J.D. Martinez,https://www.fangraphs.com/players/jd-martinez/6184/,red sox,BOS,DH,R
Xander Bogaerts,https://www.fangraphs.com/players/xander-bogaerts/12161/,red sox,BOS,SS,R
Alex Verdugo,https://www.fangraphs.com/players/alex-verdugo/17027/,red sox,BOS,LF,L
Trevor Story,https://www.fangraphs.com/players/trevor-story/12564/,red sox,BOS,2B,R
Franchy Cordero,https://www.fangraphs.com/players/franchy-cordero/14567/,red sox,BOS,1B,L
Christian Vázquez,https://www.fangraphs.com/players/christian-vazquez/9774/,red sox,BOS,C,R
Jackie Bradley Jr.,https://www.fangraphs.com/players/jackie-bradley-jr/12984/,red sox,BOS,RF,L
Kevin Plawecki,https://www.fangraphs.com/players/kevin-plawecki/13807/,red sox,BOS,C,R
Bobby Dalbec,https://www.fangraphs.com/players/bobby-dalbec/19966/,red sox,BOS,1B/3B,R
Jeter Downs,https://www.fangraphs.com/players/jeter-downs/22202/,red sox,BOS,INF,R
Rob Refsnyder,https://www.fangraphs.com/players/rob-refsnyder/13770/,red sox,BOS,OF,R
Nick Pivetta,https://www.fangraphs.com/players/nick-pivetta/15454/,red sox,BOS,SP,R
Chris Sale,https://www.fangraphs.com/players/chris-sale/10603/,red sox,BOS,SP,L
Kutter Crawford,https://www.fangraphs.com/players/kutter-crawford/20531/,red sox,BOS,SP,R
Tanner Houck,https://www.fangraphs.com/players/tanner-houck/19879/,red sox,BOS,RP,R
John Schreiber,https://www.fangraphs.com/players/john-schreiber/20020/,red sox,BOS,RP,R
Matt Strahm,https://www.fangraphs.com/players/matt-strahm/13799/,red sox,BOS,RP,L
Jake Diekman,https://www.fangraphs.com/players/jake-diekman/5003/,red sox,BOS,RP,L
Austin Davis,https://www.fangraphs.com/players/austin-davis/17117/,red sox,BOS,RP,L
Hirokazu Sawamura,https://www.fangraphs.com/players/hirokazu-sawamura/27515/,red sox,BOS,RP,R
Ryan Brasier,https://www.fangraphs.com/players/ryan-brasier/5615/,red sox,BOS,RP,R
Kaleb Ort,https://www.fangraphs.com/players/kaleb-ort/20061/,red sox,BOS,RP,R
Darwinzon Hernandez,https://www.fangraphs.com/players/darwinzon-hernandez/19848/,red sox,BOS,RP,L
Phillips Valdez,https://www.fangraphs.com/players/phillips-valdez/15605/,red sox,BOS,RP,R
Christian Arroyo,https://www.fangraphs.com/players/christian-arroyo/16434/,red sox,BOS,INF/OF,R
Enrique Hernández,https://www.fangraphs.com/players/enrique-hernandez/10472/,red sox,BOS,OF/INF,R
Nathan Eovaldi,https://www.fangraphs.com/players/nathan-eovaldi/9132/,red sox,BOS,SP,R
Rich Hill,https://www.fangraphs.com/players/rich-hill/4806/,red sox,BOS,SP,L
James Paxton,https://www.fangraphs.com/players/james-paxton/11828/,red sox,BOS,SP,L
Connor Seabold,https://www.fangraphs.com/players/connor-seabold/19695/,red sox,BOS,SP,R
Michael Wacha,https://www.fangraphs.com/players/michael-wacha/14078/,red sox,BOS,SP,R
Josh Winckowski,https://www.fangraphs.com/players/josh-winckowski/22387/,red sox,BOS,SP,R
Matt Barnes,https://www.fangraphs.com/players/matt-barnes/12863/,red sox,BOS,RP,R
Tyler Danish,https://www.fangraphs.com/players/tyler-danish/15126/,red sox,BOS,RP,R
Josh Taylor,https://www.fangraphs.com/players/josh-taylor/17359/,red sox,BOS,RP,L
Garrett Whitlock,https://www.fangraphs.com/players/garrett-whitlock/20191/,red sox,BOS,RP,R
Tim Anderson,https://www.fangraphs.com/players/tim-anderson/15172/,white sox,CHW,SS,R
Yoán Moncada,https://www.fangraphs.com/players/yoan-moncada/17232/,white sox,CHW,3B,S
Luis Robert,https://www.fangraphs.com/players/luis-robert/20043/,white sox,CHW,CF,R
José Abreu,https://www.fangraphs.com/players/jose-abreu/15676/,white sox,CHW,1B,R
Gavin Sheets,https://www.fangraphs.com/players/gavin-sheets/19901/,white sox,CHW,RF,L
Eloy Jiménez,https://www.fangraphs.com/players/eloy-jimenez/17484/,white sox,CHW,LF,R
Andrew Vaughn,https://www.fangraphs.com/players/andrew-vaughn/26197/,white sox,CHW,DH,R
Josh Harrison,https://www.fangraphs.com/players/josh-harrison/8202/,white sox,CHW,2B,R
Seby Zavala,https://www.fangraphs.com/players/seby-zavala/18887/,white sox,CHW,C,R
Reese McGuire,https://www.fangraphs.com/players/reese-mcguire/15674/,white sox,CHW,C,L
Leury García,https://www.fangraphs.com/players/leury-garcia/5913/,white sox,CHW,INF/OF,S
Adam Engel,https://www.fangraphs.com/players/adam-engel/15082/,white sox,CHW,OF,R
AJ Pollock,https://www.fangraphs.com/players/aj-pollock/9256/,white sox,CHW,OF,R
Dylan Cease,https://www.fangraphs.com/players/dylan-cease/18525/,white sox,CHW,SP,R
Lucas Giolito,https://www.fangraphs.com/players/lucas-giolito/15474/,white sox,CHW,SP,R
Johnny Cueto,https://www.fangraphs.com/players/johnny-cueto/6893/,white sox,CHW,SP,R
Michael Kopech,https://www.fangraphs.com/players/michael-kopech/17282/,white sox,CHW,SP,R
Lance Lynn,https://www.fangraphs.com/players/lance-lynn/2520/,white sox,CHW,SP,R
Liam Hendriks,https://www.fangraphs.com/players/liam-hendriks/3548/,white sox,CHW,RP,R
Kendall Graveman,https://www.fangraphs.com/players/kendall-graveman/15514/,white sox,CHW,RP,R
Joe Kelly,https://www.fangraphs.com/players/joe-kelly/9761/,white sox,CHW,RP,R
Reynaldo López,https://www.fangraphs.com/players/reynaldo-lopez/16400/,white sox,CHW,RP,R
José Ruiz,https://www.fangraphs.com/players/jose-ruiz/14552/,white sox,CHW,RP,R
Matt Foster,https://www.fangraphs.com/players/matt-foster/19647/,white sox,CHW,RP,R
Tanner Banks,https://www.fangraphs.com/players/tanner-banks/16990/,white sox,CHW,RP,L
Jimmy Lambert,https://www.fangraphs.com/players/jimmy-lambert/19541/,white sox,CHW,RP,R
Yasmani Grandal,https://www.fangraphs.com/players/yasmani-grandal/11368/,white sox,CHW,C,S
Jake Burger,https://www.fangraphs.com/players/jake-burger/22275/,white sox,CHW,3B,R
Danny Mendick,https://www.fangraphs.com/players/danny-mendick/18889/,white sox,CHW,INF/OF,R
Jonathan Stiever,https://www.fangraphs.com/players/jonathan-stiever/24584/,white sox,CHW,SP,R
Aaron Bummer,https://www.fangraphs.com/players/aaron-bummer/16258/,white sox,CHW,RP,L
Kyle Crick,https://www.fangraphs.com/players/kyle-crick/13182/,white sox,CHW,RP,R
Garrett Crochet,https://www.fangraphs.com/players/garrett-crochet/27463/,white sox,CHW,RP,L
Vince Velasquez,https://www.fangraphs.com/players/vince-velasquez/11189/,white sox,CHW,RP,R
Steven Kwan,https://www.fangraphs.com/players/steven-kwan/24610/,guardians,CLE,LF,L
Amed Rosario,https://www.fangraphs.com/players/amed-rosario/15518/,guardians,CLE,SS,R
José Ramírez,https://www.fangraphs.com/players/jose-ramirez/13510/,guardians,CLE,3B,S
Josh Naylor,https://www.fangraphs.com/players/josh-naylor/18839/,guardians,CLE,1B,L
Franmil Reyes,https://www.fangraphs.com/players/franmil-reyes/14566/,guardians,CLE,DH,R
Andrés Giménez,https://www.fangraphs.com/players/andres-gimenez/19950/,guardians,CLE,2B,L
Nolan Jones,https://www.fangraphs.com/players/nolan-jones/20529/,guardians,CLE,RF,L
Austin Hedges,https://www.fangraphs.com/players/austin-hedges/12976/,guardians,CLE,C,R
Myles Straw,https://www.fangraphs.com/players/myles-straw/17620/,guardians,CLE,CF,R
Luke Maile,https://www.fangraphs.com/players/luke-maile/13355/,guardians,CLE,C,R
Ernie Clement,https://www.fangraphs.com/players/ernie-clement/20352/,guardians,CLE,INF/OF,R
Owen Miller,https://www.fangraphs.com/players/owen-miller/24655/,guardians,CLE,INF/OF,R
Alex Call,https://www.fangraphs.com/players/alex-call/19296/,guardians,CLE,OF,R
Shane Bieber,https://www.fangraphs.com/players/shane-bieber/19427/,guardians,CLE,SP,R
Triston McKenzie,https://www.fangraphs.com/players/triston-mckenzie/18000/,guardians,CLE,SP,R
Zach Plesac,https://www.fangraphs.com/players/zach-plesac/19979/,guardians,CLE,SP,R
Cal Quantrill,https://www.fangraphs.com/players/cal-quantrill/19312/,guardians,CLE,SP,R
Emmanuel Clase,https://www.fangraphs.com/players/emmanuel-clase/21032/,guardians,CLE,RP,R
Trevor Stephan,https://www.fangraphs.com/players/trevor-stephan/19932/,guardians,CLE,RP,R
Eli Morgan,https://www.fangraphs.com/players/eli-morgan/20203/,guardians,CLE,RP,R
Bryan Shaw,https://www.fangraphs.com/players/bryan-shaw/8110/,guardians,CLE,RP,R
Sam Hentges,https://www.fangraphs.com/players/sam-hentges/18548/,guardians,CLE,RP,L
James Karinchak,https://www.fangraphs.com/players/james-karinchak/20151/,guardians,CLE,RP,R
Nick Sandlin,https://www.fangraphs.com/players/nick-sandlin/20517/,guardians,CLE,RP,R
Enyel De Los Santos,https://www.fangraphs.com/players/enyel-de-los-santos/18403/,guardians,CLE,RP,R
Tanner Tully,https://www.fangraphs.com/players/tanner-tully/19518/,guardians,CLE,RP,L
Oscar Gonzalez,https://www.fangraphs.com/players/oscar-gonzalez/20970/,guardians,CLE,OF,R
Aaron Civale,https://www.fangraphs.com/players/aaron-civale/19479/,guardians,CLE,SP,R
Cody Morris,https://www.fangraphs.com/players/cody-morris/sa3008653/,guardians,CLE,SP,R
Carlos Vargas,https://www.fangraphs.com/players/carlos-vargas/sa3007467/,guardians,CLE,SP,R
Anthony Gose,https://www.fangraphs.com/players/anthony-gose/5097/,guardians,CLE,RP,L
Riley Greene,https://www.fangraphs.com/players/riley-greene/25976/,tigers,DET,CF,L
Javier Báez,https://www.fangraphs.com/players/javier-baez/12979/,tigers,DET,SS,R
Harold Castro,https://www.fangraphs.com/players/harold-castro/14691/,tigers,DET,RF,L
Miguel Cabrera,https://www.fangraphs.com/players/miguel-cabrera/1744/,tigers,DET,DH,R
Jeimer Candelario,https://www.fangraphs.com/players/jeimer-candelario/13621/,tigers,DET,3B,S
Jonathan Schoop,https://www.fangraphs.com/players/jonathan-schoop/11265/,tigers,DET,2B,R
Spencer Torkelson,https://www.fangraphs.com/players/spencer-torkelson/27465/,tigers,DET,1B,R
Akil Baddoo,https://www.fangraphs.com/players/akil-baddoo/22168/,tigers,DET,LF,L
Tucker Barnhart,https://www.fangraphs.com/players/tucker-barnhart/10200/,tigers,DET,C,S
Eric Haase,https://www.fangraphs.com/players/eric-haase/14111/,tigers,DET,C/OF,R
Willi Castro,https://www.fangraphs.com/players/willi-castro/17338/,tigers,DET,INF/OF,S
Robbie Grossman,https://www.fangraphs.com/players/robbie-grossman/5254/,tigers,DET,OF,S
Victor Reyes,https://www.fangraphs.com/players/victor-reyes/15487/,tigers,DET,OF,S
Tarik Skubal,https://www.fangraphs.com/players/tarik-skubal/22267/,tigers,DET,SP,L
Elvin Rodriguez,https://www.fangraphs.com/players/elvin-rodriguez/20962/,tigers,DET,SP,R
Drew Hutchison,https://www.fangraphs.com/players/drew-hutchison/10732/,tigers,DET,SP,R
Michael Pineda,https://www.fangraphs.com/players/michael-pineda/5372/,tigers,DET,SP,R
Beau Brieske,https://www.fangraphs.com/players/beau-brieske/26079/,tigers,DET,SP,R
Gregory Soto,https://www.fangraphs.com/players/gregory-soto/19677/,tigers,DET,RP,L
Michael Fulmer,https://www.fangraphs.com/players/michael-fulmer/13218/,tigers,DET,RP,R
Andrew Chafin,https://www.fangraphs.com/players/andrew-chafin/12988/,tigers,DET,RP,L
Alex Lange,https://www.fangraphs.com/players/alex-lange/19883/,tigers,DET,RP,R
Joe Jiménez,https://www.fangraphs.com/players/joe-jimenez/15761/,tigers,DET,RP,R
Jason Foley,https://www.fangraphs.com/players/jason-foley/19531/,tigers,DET,RP,R
Will Vest,https://www.fangraphs.com/players/will-vest/19769/,tigers,DET,RP,R
Tyler Alexander,https://www.fangraphs.com/players/tyler-alexander/17735/,tigers,DET,RP,L
Jake Rogers,https://www.fangraphs.com/players/jake-rogers/19452/,tigers,DET,C,R
Austin Meadows,https://www.fangraphs.com/players/austin-meadows/15672/,tigers,DET,OF,L
Rony García,https://www.fangraphs.com/players/rony-garcia/20430/,tigers,DET,SP,R
Matt Manning,https://www.fangraphs.com/players/matt-manning/20369/,tigers,DET,SP,R
Casey Mize,https://www.fangraphs.com/players/casey-mize/20492/,tigers,DET,SP,R
Spencer Turnbull,https://www.fangraphs.com/players/spencer-turnbull/16207/,tigers,DET,SP,R
José Cisnero,https://www.fangraphs.com/players/jose-cisnero/6399/,tigers,DET,RP,R
Kyle Funkhouser,https://www.fangraphs.com/players/kyle-funkhouser/19456/,tigers,DET,RP,R
Wily Peralta,https://www.fangraphs.com/players/wily-peralta/7738/,tigers,DET,RP,R
Jose Altuve,https://www.fangraphs.com/players/jose-altuve/5417/,astros,HOU,2B,R
Aledmys Díaz,https://www.fangraphs.com/players/aledmys-diaz/15937/,astros,HOU,LF,R
Kyle Tucker,https://www.fangraphs.com/players/kyle-tucker/18345/,astros,HOU,RF,L
Alex Bregman,https://www.fangraphs.com/players/alex-bregman/17678/,astros,HOU,3B,R
Yuli Gurriel,https://www.fangraphs.com/players/yuli-gurriel/19198/,astros,HOU,1B,R
J.J. Matijevic,https://www.fangraphs.com/players/jj-matijevic/20165/,astros,HOU,DH,L
Jeremy Peña,https://www.fangraphs.com/players/jeremy-pena/21636/,astros,HOU,SS,R
Jake Meyers,https://www.fangraphs.com/players/jake-meyers/20308/,astros,HOU,CF,R
Martín Maldonado,https://www.fangraphs.com/players/martin-maldonado/6887/,astros,HOU,C,R
Korey Lee,https://www.fangraphs.com/players/korey-lee/25543/,astros,HOU,C,R
Mauricio Dubón,https://www.fangraphs.com/players/mauricio-dubon/16530/,astros,HOU,INF/OF,R
Chas McCormick,https://www.fangraphs.com/players/chas-mccormick/19599/,astros,HOU,OF,R
Jose Siri,https://www.fangraphs.com/players/jose-siri/17452/,astros,HOU,OF,R
Framber Valdez,https://www.fangraphs.com/players/framber-valdez/17295/,astros,HOU,SP,L
Justin Verlander,https://www.fangraphs.com/players/justin-verlander/8700/,astros,HOU,SP,R
José Urquidy,https://www.fangraphs.com/players/jose-urquidy/18413/,astros,HOU,SP,R
Jake Odorizzi,https://www.fangraphs.com/players/jake-odorizzi/6397/,astros,HOU,SP,R
Luis Garcia,https://www.fangraphs.com/players/luis-garcia/23735/,astros,HOU,SP,R
Cristian Javier,https://www.fangraphs.com/players/cristian-javier/17606/,astros,HOU,SP,R
Ryan Pressly,https://www.fangraphs.com/players/ryan-pressly/7005/,astros,HOU,RP,R
Rafael Montero,https://www.fangraphs.com/players/rafael-montero/12760/,astros,HOU,RP,R
Héctor Neris,https://www.fangraphs.com/players/hector-neris/11804/,astros,HOU,RP,R
Ryne Stanek,https://www.fangraphs.com/players/ryne-stanek/15947/,astros,HOU,RP,R
Phil Maton,https://www.fangraphs.com/players/phil-maton/18064/,astros,HOU,RP,R
Seth Martinez,https://www.fangraphs.com/players/seth-martinez/21045/,astros,HOU,RP,R
Bryan Abreu,https://www.fangraphs.com/players/bryan-abreu/16609/,astros,HOU,RP,R
Jason Castro,https://www.fangraphs.com/players/jason-castro/8722/,astros,HOU,C,L
Yordan Alvarez,https://www.fangraphs.com/players/yordan-alvarez/19556/,astros,HOU,OF/1B,L
Michael Brantley,https://www.fangraphs.com/players/michael-brantley/4106/,astros,HOU,OF,L
Lance McCullers Jr.,https://www.fangraphs.com/players/lance-mccullers-jr/14120/,astros,HOU,SP,R
Josh James,https://www.fangraphs.com/players/josh-james/16794/,astros,HOU,RP,R
Parker Mushinski,https://www.fangraphs.com/players/parker-mushinski/21324/,astros,HOU,RP,L
Blake Taylor,https://www.fangraphs.com/players/blake-taylor/16418/,astros,HOU,RP,L
Edward Olivares,https://www.fangraphs.com/players/edward-olivares/19698/,royals,KCR,LF,R
Bobby Witt Jr.,https://www.fangraphs.com/players/bobby-witt-jr/25764/,royals,KCR,SS,R
Vinnie Pasquantino,https://www.fangraphs.com/players/vinnie-pasquantino/27676/,royals,KCR,DH,L
Emmanuel Rivera,https://www.fangraphs.com/players/emmanuel-rivera/19890/,royals,KCR,3B,R
Ryan O'Hearn,https://www.fangraphs.com/players/ryan-ohearn/16442/,royals,KCR,RF,L
Nick Pratto,https://www.fangraphs.com/players/nicholas-pratto/sa3004138/,royals,KCR,1B,L
Nate Eaton,https://www.fangraphs.com/players/nathan-eaton/sa3007074/,royals,KCR,CF,R
Nicky Lopez,https://www.fangraphs.com/players/nicky-lopez/19339/,royals,KCR,2B,L
Sebastian Rivero,https://www.fangraphs.com/players/sebastian-rivero/21735/,royals,KCR,C,R
Freddy Fermin,https://www.fangraphs.com/players/freddy-fermin/sa918173/,royals,KCR,C,R
Maikel Garcia,https://www.fangraphs.com/players/maikel-garcia/sa3003246/,royals,KCR,INF,R
Michael Massey,https://www.fangraphs.com/players/michael-massey/sa1115910/,royals,KCR,INF,L
Brewer Hicklen,https://www.fangraphs.com/players/brewer-hicklen/20450/,royals,KCR,OF,R
Zack Greinke,https://www.fangraphs.com/players/zack-greinke/1943/,royals,KCR,SP,R
Daniel Lynch,https://www.fangraphs.com/players/daniel-lynch/21537/,royals,KCR,SP,L
Kris Bubic,https://www.fangraphs.com/players/kris-bubic/21455/,royals,KCR,SP,L
Angel Zerpa,https://www.fangraphs.com/players/angel-zerpa/22717/,royals,KCR,SP,L
Scott Barlow,https://www.fangraphs.com/players/scott-barlow/14993/,royals,KCR,RP,R
Taylor Clarke,https://www.fangraphs.com/players/taylor-clarke/17611/,royals,KCR,RP,R
Jose Cuas,https://www.fangraphs.com/players/jose-cuas/17701/,royals,KCR,RP,R
Amir Garrett,https://www.fangraphs.com/players/amir-garrett/14375/,royals,KCR,RP,L
Joel Payamps,https://www.fangraphs.com/players/joel-payamps/14332/,royals,KCR,RP,R
Wyatt Mills,https://www.fangraphs.com/players/wyatt-mills/20010/,royals,KCR,RP,R
Jackson Kowar,https://www.fangraphs.com/players/jackson-kowar/21549/,royals,KCR,RP,R
Salvador Perez,https://www.fangraphs.com/players/salvador-perez/7304/,royals,KCR,C,R
Adalberto Mondesi,https://www.fangraphs.com/players/adalberto-mondesi/13769/,royals,KCR,SS,S
Jonathan Heasley,https://www.fangraphs.com/players/jon-heasley/22224/,royals,KCR,SP,R
Jake Brentz,https://www.fangraphs.com/players/jake-brentz/17783/,royals,KCR,RP,L
Josh Staumont,https://www.fangraphs.com/players/josh-staumont/18335/,royals,KCR,RP,R
Tyler Zuber,https://www.fangraphs.com/players/tyler-zuber/20379/,royals,KCR,RP,R
Michael Stefanic,https://www.fangraphs.com/players/michael-stefanic/25353/,angels,LAA,2B,R
Mike Trout,https://www.fangraphs.com/players/mike-trout/10155/,angels,LAA,CF,R
Shohei Ohtani,https://www.fangraphs.com/players/shohei-ohtani/19755/,angels,LAA,DH,L
Taylor Ward,https://www.fangraphs.com/players/taylor-ward/17548/,angels,LAA,RF,R
Jared Walsh,https://www.fangraphs.com/players/jared-walsh/18607/,angels,LAA,1B,L
Luis Rengifo,https://www.fangraphs.com/players/luis-rengifo/19858/,angels,LAA,SS,S
Max Stassi,https://www.fangraphs.com/players/max-stassi/10059/,angels,LAA,C,R
Jonathan Villar,https://www.fangraphs.com/players/jonathan-villar/10071/,angels,LAA,3B,S
Brandon Marsh,https://www.fangraphs.com/players/brandon-marsh/20202/,angels,LAA,LF,L
Kurt Suzuki,https://www.fangraphs.com/players/kurt-suzuki/8259/,angels,LAA,C,R
David MacKinnon,https://www.fangraphs.com/players/david-mackinnon/19625/,angels,LAA,1B/3B,R
Andrew Velazquez,https://www.fangraphs.com/players/andrew-velazquez/14196/,angels,LAA,INF,S
Jo Adell,https://www.fangraphs.com/players/jo-adell/20220/,angels,LAA,OF,R
Shohei Ohtani,https://www.fangraphs.com/players/shohei-ohtani/19755/,angels,LAA,SP,R
Reid Detmers,https://www.fangraphs.com/players/reid-detmers/27468/,angels,LAA,SP,L
Patrick Sandoval,https://www.fangraphs.com/players/patrick-sandoval/19447/,angels,LAA,SP,L
José Suarez,https://www.fangraphs.com/players/jose-suarez/19911/,angels,LAA,SP,L
Noah Syndergaard,https://www.fangraphs.com/players/noah-syndergaard/11762/,angels,LAA,SP,R
Raisel Iglesias,https://www.fangraphs.com/players/raisel-iglesias/17130/,angels,LAA,RP,R
Ryan Tepera,https://www.fangraphs.com/players/ryan-tepera/10291/,angels,LAA,RP,R
Aaron Loup,https://www.fangraphs.com/players/aaron-loup/10343/,angels,LAA,RP,L
José Quijada,https://www.fangraphs.com/players/jose-quijada/19200/,angels,LAA,RP,L
Austin Warren,https://www.fangraphs.com/players/austin-warren/24937/,angels,LAA,RP,R
Andrew Wantz,https://www.fangraphs.com/players/andrew-wantz/24933/,angels,LAA,RP,R
Jose Marte,https://www.fangraphs.com/players/jose-marte/21761/,angels,LAA,RP,R
Jaime Barría,https://www.fangraphs.com/players/jaime-barria/18356/,angels,LAA,RP,R
Elvis Peguero,https://www.fangraphs.com/players/elvis-peguero/21652/,angels,LAA,RP,R
Anthony Rendon,https://www.fangraphs.com/players/anthony-rendon/12861/,angels,LAA,3B,R
Matt Duffy,https://www.fangraphs.com/players/matt-duffy/13836/,angels,LAA,INF,R
David Fletcher,https://www.fangraphs.com/players/david-fletcher/17992/,angels,LAA,INF,R
Griffin Canning,https://www.fangraphs.com/players/griffin-canning/19867/,angels,LAA,SP,R
Cooper Criswell,https://www.fangraphs.com/players/cooper-criswell/24975/,angels,LAA,SP,R
Michael Lorenzen,https://www.fangraphs.com/players/michael-lorenzen/14843/,angels,LAA,SP,R
Chris Rodriguez,https://www.fangraphs.com/players/chris-rodriguez/22310/,angels,LAA,SP,R
Archie Bradley,https://www.fangraphs.com/players/archie-bradley/12918/,angels,LAA,RP,R
Jimmy Herget,https://www.fangraphs.com/players/jimmy-herget/17556/,angels,LAA,RP,R
Luis Arraez,https://www.fangraphs.com/players/luis-arraez/18568/,twins,MIN,1B,L
Carlos Correa,https://www.fangraphs.com/players/carlos-correa/14162/,twins,MIN,SS,R
Byron Buxton,https://www.fangraphs.com/players/byron-buxton/14161/,twins,MIN,CF,R
Max Kepler,https://www.fangraphs.com/players/max-kepler/12144/,twins,MIN,RF,L
Jorge Polanco,https://www.fangraphs.com/players/jorge-polanco/13152/,twins,MIN,2B,S
Alex Kirilloff,https://www.fangraphs.com/players/alex-kirilloff/20325/,twins,MIN,LF,L
Jose Miranda,https://www.fangraphs.com/players/jose-miranda/20538/,twins,MIN,DH,R
Gio Urshela,https://www.fangraphs.com/players/gio-urshela/10681/,twins,MIN,3B,R
Ryan Jeffers,https://www.fangraphs.com/players/ryan-jeffers/24618/,twins,MIN,C,R
Gary Sánchez,https://www.fangraphs.com/players/gary-sanchez/11442/,twins,MIN,C,R
Nick Gordon,https://www.fangraphs.com/players/nick-gordon/16337/,twins,MIN,INF/OF,L
Gilberto Celestino,https://www.fangraphs.com/players/gilberto-celestino/20233/,twins,MIN,OF,R
Kyle Garlick,https://www.fangraphs.com/players/kyle-garlick/18063/,twins,MIN,OF,R
Joe Ryan,https://www.fangraphs.com/players/joe-ryan/21390/,twins,MIN,SP,R
Sonny Gray,https://www.fangraphs.com/players/sonny-gray/12768/,twins,MIN,SP,R
Devin Smeltzer,https://www.fangraphs.com/players/devin-smeltzer/19487/,twins,MIN,SP,L
Dylan Bundy,https://www.fangraphs.com/players/dylan-bundy/12917/,twins,MIN,SP,R
Jhoan Duran,https://www.fangraphs.com/players/jhoan-duran/21029/,twins,MIN,RP,R
Tyler Duffey,https://www.fangraphs.com/players/tyler-duffey/13758/,twins,MIN,RP,R
Griffin Jax,https://www.fangraphs.com/players/griffin-jax/20253/,twins,MIN,RP,R
Caleb Thielbar,https://www.fangraphs.com/players/caleb-thielbar/10078/,twins,MIN,RP,L
Joe Smith,https://www.fangraphs.com/players/joe-smith/3281/,twins,MIN,RP,R
Emilio Pagán,https://www.fangraphs.com/players/emilio-pagan/14771/,twins,MIN,RP,R
Jovani Moran,https://www.fangraphs.com/players/jovani-moran/20422/,twins,MIN,RP,L
Trevor Megill,https://www.fangraphs.com/players/trevor-megill/17722/,twins,MIN,RP,R
Jharel Cotton,https://www.fangraphs.com/players/jharel-cotton/13654/,twins,MIN,RP,R
Miguel Sanó,https://www.fangraphs.com/players/miguel-sano/12164/,twins,MIN,1B,R
Royce Lewis,https://www.fangraphs.com/players/royce-lewis/20437/,twins,MIN,INF/OF,R
Trevor Larnach,https://www.fangraphs.com/players/trevor-larnach/21501/,twins,MIN,OF,L
Chris Archer,https://www.fangraphs.com/players/chris-archer/6345/,twins,MIN,SP,R
Randy Dobnak,https://www.fangraphs.com/players/randy-dobnak/23798/,twins,MIN,SP,R
Kenta Maeda,https://www.fangraphs.com/players/kenta-maeda/18498/,twins,MIN,SP,R
Bailey Ober,https://www.fangraphs.com/players/bailey-ober/21224/,twins,MIN,SP,R
Chris Paddack,https://www.fangraphs.com/players/chris-paddack/20099/,twins,MIN,SP,R
Jorge Alcala,https://www.fangraphs.com/players/jorge-alcala/19459/,twins,MIN,RP,R
Danny Coulombe,https://www.fangraphs.com/players/danny-coulombe/13293/,twins,MIN,RP,L
Jhon Romero,https://www.fangraphs.com/players/jhon-romero/19940/,twins,MIN,RP,R
Cody Stashak,https://www.fangraphs.com/players/cody-stashak/18088/,twins,MIN,RP,R
DJ LeMahieu,https://www.fangraphs.com/players/dj-lemahieu/9874/,yankees,NYY,3B,R
Aaron Judge,https://www.fangraphs.com/players/aaron-judge/15640/,yankees,NYY,CF,R
Anthony Rizzo,https://www.fangraphs.com/players/anthony-rizzo/3473/,yankees,NYY,1B,L
Giancarlo Stanton,https://www.fangraphs.com/players/giancarlo-stanton/4949/,yankees,NYY,RF,R
Gleyber Torres,https://www.fangraphs.com/players/gleyber-torres/16997/,yankees,NYY,2B,R
Josh Donaldson,https://www.fangraphs.com/players/josh-donaldson/5038/,yankees,NYY,DH,R
Aaron Hicks,https://www.fangraphs.com/players/aaron-hicks/5297/,yankees,NYY,LF,S
Jose Trevino,https://www.fangraphs.com/players/jose-trevino/16725/,yankees,NYY,C,R
Isiah Kiner-Falefa,https://www.fangraphs.com/players/isiah-kiner-falefa/16512/,yankees,NYY,SS,R
Kyle Higashioka,https://www.fangraphs.com/players/kyle-higashioka/5517/,yankees,NYY,C,R
Matt Carpenter,https://www.fangraphs.com/players/matt-carpenter/8090/,yankees,NYY,INF/OF,L
Marwin Gonzalez,https://www.fangraphs.com/players/marwin-gonzalez/5497/,yankees,NYY,INF/OF,S
Joey Gallo,https://www.fangraphs.com/players/joey-gallo/14128/,yankees,NYY,OF,L
Gerrit Cole,https://www.fangraphs.com/players/gerrit-cole/13125/,yankees,NYY,SP,R
Nestor Cortes,https://www.fangraphs.com/players/nestor-cortes/17874/,yankees,NYY,SP,L
Jordan Montgomery,https://www.fangraphs.com/players/jordan-montgomery/16511/,yankees,NYY,SP,L
Jameson Taillon,https://www.fangraphs.com/players/jameson-taillon/11674/,yankees,NYY,SP,R
Clay Holmes,https://www.fangraphs.com/players/clay-holmes/13649/,yankees,NYY,RP,R
Michael King,https://www.fangraphs.com/players/michael-king/19853/,yankees,NYY,RP,R
Wandy Peralta,https://www.fangraphs.com/players/wandy-peralta/14295/,yankees,NYY,RP,L
Aroldis Chapman,https://www.fangraphs.com/players/aroldis-chapman/10233/,yankees,NYY,RP,L
Jonathan Loáisiga,https://www.fangraphs.com/players/jonathan-loaisiga/19753/,yankees,NYY,RP,R
Miguel Castro,https://www.fangraphs.com/players/miguel-castro/15684/,yankees,NYY,RP,R
Lucas Luetge,https://www.fangraphs.com/players/lucas-luetge/8337/,yankees,NYY,RP,L
Albert Abreu,https://www.fangraphs.com/players/albert-abreu/17485/,yankees,NYY,RP,R
Ryan Weber,https://www.fangraphs.com/players/ryan-weber/10160/,yankees,NYY,RP,R
Ben Rortvedt,https://www.fangraphs.com/players/ben-rortvedt/20287/,yankees,NYY,C,L
Domingo Germán,https://www.fangraphs.com/players/domingo-german/17149/,yankees,NYY,SP,R
Luis Severino,https://www.fangraphs.com/players/luis-severino/15890/,yankees,NYY,SP,R
Zack Britton,https://www.fangraphs.com/players/zack-britton/3240/,yankees,NYY,RP,L
Chad Green,https://www.fangraphs.com/players/chad-green/15552/,yankees,NYY,RP,R
Ron Marinaccio,https://www.fangraphs.com/players/ron-marinaccio/23488/,yankees,NYY,RP,R
Stephen Ridings,https://www.fangraphs.com/players/stephen-ridings/22358/,yankees,NYY,RP,R
Vimael Machín,https://www.fangraphs.com/players/vimael-machin/17684/,athletics, OAK,3B,L
Ramón Laureano,https://www.fangraphs.com/players/ramon-laureano/17128/,athletics, OAK,RF,R
Sean Murphy,https://www.fangraphs.com/players/sean-murphy/19352/,athletics, OAK,C,R
Seth Brown,https://www.fangraphs.com/players/seth-brown/18171/,athletics, OAK,1B,L
Elvis Andrus,https://www.fangraphs.com/players/elvis-andrus/8709/,athletics, OAK,SS,R
Stephen Piscotty,https://www.fangraphs.com/players/stephen-piscotty/13367/,athletics, OAK,DH,R
Tony Kemp,https://www.fangraphs.com/players/tony-kemp/14894/,athletics, OAK,LF,L
Skye Bolt,https://www.fangraphs.com/players/skye-bolt/17723/,athletics, OAK,CF,S
Nick Allen,https://www.fangraphs.com/players/nick-allen/22277/,athletics, OAK,2B,R
Stephen Vogt,https://www.fangraphs.com/players/stephen-vogt/5000/,athletics, OAK,C/1B,L
Dermis Garcia,https://www.fangraphs.com/players/dermis-garcia/20926/,athletics, OAK,1B/3B,R
Sheldon Neuse,https://www.fangraphs.com/players/sheldon-neuse/19635/,athletics, OAK,INF,R
Chad Pinder,https://www.fangraphs.com/players/chad-pinder/15191/,athletics, OAK,INF/OF,R
Frankie Montas,https://www.fangraphs.com/players/frankie-montas/14309/,athletics, OAK,SP,R
Cole Irvin,https://www.fangraphs.com/players/cole-irvin/19244/,athletics, OAK,SP,L
James Kaprielian,https://www.fangraphs.com/players/james-kaprielian/18331/,athletics, OAK,SP,R
Paul Blackburn,https://www.fangraphs.com/players/paul-blackburn/14739/,athletics, OAK,SP,R
Lou Trivino,https://www.fangraphs.com/players/lou-trivino/15043/,athletics, OAK,RP,R
Zach Jackson,https://www.fangraphs.com/players/zach-jackson/19493/,athletics, OAK,RP,R
A.J. Puk,https://www.fangraphs.com/players/aj-puk/19343/,athletics, OAK,RP,L
Domingo Acevedo,https://www.fangraphs.com/players/domingo-acevedo/17092/,athletics, OAK,RP,R
Sam Moll,https://www.fangraphs.com/players/sam-moll/14874/,athletics, OAK,RP,L
Kirby Snead,https://www.fangraphs.com/players/kirby-snead/19179/,athletics, OAK,RP,L
Domingo Tapia,https://www.fangraphs.com/players/domingo-tapia/12178/,athletics, OAK,RP,R
Jared Koenig,https://www.fangraphs.com/players/jared-koenig/27517/,athletics, OAK,RP,L
Austin Pruitt,https://www.fangraphs.com/players/austin-pruitt/15290/,athletics, OAK,RP,R
Jonah Bride,https://www.fangraphs.com/players/jonah-bride/24703/,athletics, OAK,INF,R
Jed Lowrie,https://www.fangraphs.com/players/jed-lowrie/4418/,athletics, OAK,INF,S
Brent Honeywell Jr.,https://www.fangraphs.com/players/brent-honeywell/16466/,athletics, OAK,SP,R
Daulton Jefferies,https://www.fangraphs.com/players/daulton-jefferies/19345/,athletics, OAK,SP,R
Deolis Guerra,https://www.fangraphs.com/players/deolis-guerra/8410/,athletics, OAK,RP,R
Dany Jiménez,https://www.fangraphs.com/players/dany-jimenez/21170/,athletics, OAK,RP,R
Julio Rodríguez,https://www.fangraphs.com/players/julio-rodriguez/23697/,mariners, SEA,CF,R
Ty France,https://www.fangraphs.com/players/ty-france/17982/,mariners, SEA,DH,R
J.P. Crawford,https://www.fangraphs.com/players/jp-crawford/15491/,mariners, SEA,SS,L
Carlos Santana,https://www.fangraphs.com/players/carlos-santana/2396/,mariners, SEA,1B,S
Jesse Winker,https://www.fangraphs.com/players/jesse-winker/13590/,mariners, SEA,LF,L
Eugenio Suárez,https://www.fangraphs.com/players/eugenio-suarez/12552/,mariners, SEA,3B,R
Cal Raleigh,https://www.fangraphs.com/players/cal-raleigh/21534/,mariners, SEA,C,S
Adam Frazier,https://www.fangraphs.com/players/adam-frazier/15223/,mariners, SEA,2B,L
Sam Haggerty,https://www.fangraphs.com/players/sam-haggerty/18054/,mariners, SEA,RF,S
Luis Torrens,https://www.fangraphs.com/players/luis-torrens/15905/,mariners, SEA,C,R
Abraham Toro,https://www.fangraphs.com/players/abraham-toro/19844/,mariners, SEA,INF,S
Dylan Moore,https://www.fangraphs.com/players/dylan-moore/18042/,mariners, SEA,INF/OF,R
Justin Upton,https://www.fangraphs.com/players/justin-upton/5222/,mariners, SEA,OF,R
Robbie Ray,https://www.fangraphs.com/players/robbie-ray/11486/,mariners, SEA,SP,L
Logan Gilbert,https://www.fangraphs.com/players/logan-gilbert/22250/,mariners, SEA,SP,R
Chris Flexen,https://www.fangraphs.com/players/chris-flexen/13896/,mariners, SEA,SP,R
Marco Gonzales,https://www.fangraphs.com/players/marco-gonzales/15467/,mariners, SEA,SP,L
Paul Sewald,https://www.fangraphs.com/players/paul-sewald/13892/,mariners, SEA,RP,R
Diego Castillo,https://www.fangraphs.com/players/diego-castillo/17496/,mariners, SEA,RP,R
Andrés Muñoz,https://www.fangraphs.com/players/andres-munoz/20373/,mariners, SEA,RP,R
Erik Swanson,https://www.fangraphs.com/players/erik-swanson/16587/,mariners, SEA,RP,R
Matt Brash,https://www.fangraphs.com/players/matt-brash/25756/,mariners, SEA,RP,R
Penn Murfee,https://www.fangraphs.com/players/penn-murfee/25174/,mariners, SEA,RP,R
Ryan Borucki,https://www.fangraphs.com/players/ryan-borucki/16350/,mariners, SEA,RP,L
Matthew Festa,https://www.fangraphs.com/players/matthew-festa/19330/,mariners, SEA,RP,R
Tommy Milone,https://www.fangraphs.com/players/tommy-milone/7608/,mariners, SEA,RP,L
Tom Murphy,https://www.fangraphs.com/players/tom-murphy/13499/,mariners, SEA,C,R
Evan White,https://www.fangraphs.com/players/evan-white/20078/,mariners, SEA,1B,R
Mitch Haniger,https://www.fangraphs.com/players/mitch-haniger/14274/,mariners, SEA,OF,R
Kyle Lewis,https://www.fangraphs.com/players/kyle-lewis/19508/,mariners, SEA,OF,R
Taylor Trammell,https://www.fangraphs.com/players/taylor-trammell/19960/,mariners, SEA,OF,L
Ken Giles,https://www.fangraphs.com/players/ken-giles/12910/,mariners, SEA,RP,R
Casey Sadler,https://www.fangraphs.com/players/casey-sadler/11209/,mariners, SEA,RP,R
Yandy Díaz,https://www.fangraphs.com/players/yandy-diaz/16578/,rays, TBR,3B,R
Ji-Man Choi,https://www.fangraphs.com/players/ji-man-choi/5452/,rays, TBR,1B,L
Harold Ramírez,https://www.fangraphs.com/players/harold-ramirez/14387/,rays, TBR,DH,R
Isaac Paredes,https://www.fangraphs.com/players/isaac-paredes/20036/,rays, TBR,2B,R
Randy Arozarena,https://www.fangraphs.com/players/randy-arozarena/19290/,rays, TBR,LF,R
Taylor Walls,https://www.fangraphs.com/players/taylor-walls/22458/,rays, TBR,SS,S
Josh Lowe,https://www.fangraphs.com/players/josh-lowe/19953/,rays, TBR,RF,L
Francisco Mejía,https://www.fangraphs.com/players/francisco-mejia/16403/,rays, TBR,C,S
Brett Phillips,https://www.fangraphs.com/players/brett-phillips/14735/,rays, TBR,CF,L
Christian Bethancourt,https://www.fangraphs.com/players/christian-bethancourt/10028/,rays, TBR,C/1B,R
Jonathan Aranda,https://www.fangraphs.com/players/jonathan-aranda/21837/,rays, TBR,INF,L
Yu Chang,https://www.fangraphs.com/players/yu-chang/14773/,rays, TBR,INF,R
Luke Raley,https://www.fangraphs.com/players/luke-raley/19354/,rays, TBR,OF,L
Shane McClanahan,https://www.fangraphs.com/players/shane-mcclanahan/21483/,rays, TBR,SP,L
Drew Rasmussen,https://www.fangraphs.com/players/drew-rasmussen/25385/,rays, TBR,SP,R
Corey Kluber,https://www.fangraphs.com/players/corey-kluber/2429/,rays, TBR,SP,R
Colin Poche,https://www.fangraphs.com/players/colin-poche/19403/,rays, TBR,SP,R
Jason Adam,https://www.fangraphs.com/players/jason-adam/11861/,rays, TBR,RP,L
Brooks Raley,https://www.fangraphs.com/players/brooks-raley/10061/,rays, TBR,RP,R
Matt Wisler,https://www.fangraphs.com/players/matt-wisler/12804/,rays, TBR,RP,L
Jalen Beeks,https://www.fangraphs.com/players/jalen-beeks/17192/,rays, TBR,RP,R
Ryan Thompson,https://www.fangraphs.com/players/ryan-thompson/16647/,rays, TBR,RP,L
Shawn Armstrong,https://www.fangraphs.com/players/shawn-armstrong/12857/,rays, TBR,RP,R
Ralph Garza Jr.,https://www.fangraphs.com/players/ralph-garza/17682/,rays, TBR,RP,R
Luke Bard,https://www.fangraphs.com/players/luke-bard/14288/,rays, TBR,RP,R
Tommy Romero,https://www.fangraphs.com/players/tommy-romero/23465/,rays, TBR,RP,R
Mike Zunino,https://www.fangraphs.com/players/mike-zunino/13265/,rays, TBR,RP,R
Brandon Lowe,https://www.fangraphs.com/players/brandon-lowe/18882/,rays, TBR,C,R
Wander Franco,https://www.fangraphs.com/players/wander-franco/23667/,rays, TBR,2B,L
Kevin Kiermaier,https://www.fangraphs.com/players/kevin-kiermaier/11038/,rays, TBR,SS,S
Manuel Margot,https://www.fangraphs.com/players/manuel-margot/14712/,rays, TBR,OF,L
Shane Baz,https://www.fangraphs.com/players/shane-baz/22264/,rays, TBR,OF,R
Yonny Chirinos,https://www.fangraphs.com/players/yonny-chirinos/16401/,rays, TBR,SP,R
Josh Fleming,https://www.fangraphs.com/players/josh-fleming/20418/,rays, TBR,SP,R
Tyler Glasnow,https://www.fangraphs.com/players/tyler-glasnow/14374/,rays, TBR,SP,L
Brendan McKay,https://www.fangraphs.com/players/brendan-mckay/20186/,rays, TBR,SP,R
Luis Patiño,https://www.fangraphs.com/players/luis-patino/22815/,rays, TBR,SP,L
Jeffrey Springs,https://www.fangraphs.com/players/jeffrey-springs/17677/,rays, TBR,SP,R
Nick Anderson,https://www.fangraphs.com/players/nick-anderson/18337/,rays, TBR,SP,L
JT Chargois,https://www.fangraphs.com/players/jt-chargois/13767/,rays, TBR,RP,R
Pete Fairbanks,https://www.fangraphs.com/players/pete-fairbanks/17998/,rays, TBR,RP,R
J.P. Feyereisen,https://www.fangraphs.com/players/jp-feyereisen/16610/,rays, TBR,RP,R
Andrew Kittredge,https://www.fangraphs.com/players/andrew-kittredge/12828/,rays, TBR,RP,R
Josh H. Smith,https://www.fangraphs.com/players/josh-smith/26396/,rangers, TEX,3B,L
Marcus Semien,https://www.fangraphs.com/players/marcus-semien/12533/,rangers, TEX,2B,R
Corey Seager,https://www.fangraphs.com/players/corey-seager/13624/,rangers, TEX,SS,L
Adolis García,https://www.fangraphs.com/players/adolis-garcia/19287/,rangers, TEX,RF,R
Nathaniel Lowe,https://www.fangraphs.com/players/nathaniel-lowe/19566/,rangers, TEX,1B,L
Jonah Heim,https://www.fangraphs.com/players/jonah-heim/16930/,rangers, TEX,C,S
Kole Calhoun,https://www.fangraphs.com/players/kole-calhoun/11200/,rangers, TEX,LF,L
Leody Taveras,https://www.fangraphs.com/players/leody-taveras/18900/,rangers, TEX,CF,S
Brad Miller,https://www.fangraphs.com/players/brad-miller/12775/,rangers, TEX,DH,L
Sam Huff,https://www.fangraphs.com/players/sam-huff/22209/,rangers, TEX,C,R
Meibrys Viloria,https://www.fangraphs.com/players/meibrys-viloria/17109/,rangers, TEX,C,L
Charlie Culberson,https://www.fangraphs.com/players/charlie-culberson/3298/,rangers, TEX,INF/OF,R
Elier Hernandez,https://www.fangraphs.com/players/elier-hernandez/sa659238/,rangers, TEX,OF,R
Jon Gray,https://www.fangraphs.com/players/jon-gray/14916/,rangers, TEX,SP,R
Martín Pérez,https://www.fangraphs.com/players/martin-perez/6902/,rangers, TEX,SP,L
Spencer Howard,https://www.fangraphs.com/players/spencer-howard/23252/,rangers, TEX,SP,R
Glenn Otto,https://www.fangraphs.com/players/glenn-otto/21366/,rangers, TEX,SP,R
Brett Martin,https://www.fangraphs.com/players/brett-martin/17369/,rangers, TEX,RP,L
Matt Moore,https://www.fangraphs.com/players/matt-moore/1890/,rangers, TEX,RP,L
Matt Bush,https://www.fangraphs.com/players/matt-bush/1246/,rangers, TEX,RP,R
Brock Burke,https://www.fangraphs.com/players/brock-burke/17968/,rangers, TEX,RP,L
Dennis Santana,https://www.fangraphs.com/players/dennis-santana/17878/,rangers, TEX,RP,R
José Leclerc,https://www.fangraphs.com/players/jose-leclerc/14524/,rangers, TEX,RP,R
Garrett Richards,https://www.fangraphs.com/players/garrett-richards/9784/,rangers, TEX,RP,R
Josh Sborz,https://www.fangraphs.com/players/josh-sborz/18323/,rangers, TEX,RP,R
A.J. Alexy,https://www.fangraphs.com/players/aj-alexy/22343/,rangers, TEX,RP,R
Mitch Garver,https://www.fangraphs.com/players/mitch-garver/15161/,rangers, TEX,DH,R
Eli White,https://www.fangraphs.com/players/eli-white/19346/,rangers, TEX,OF,R
Dane Dunning,https://www.fangraphs.com/players/dane-dunning/19409/,rangers, TEX,SP,R
Joe Barlow,https://www.fangraphs.com/players/joe-barlow/22296/,rangers, TEX,RP,R
Jonathan Hernández,https://www.fangraphs.com/players/jonathan-hernandez/17464/,rangers, TEX,RP,R
George Springer,https://www.fangraphs.com/players/george-springer/12856/,blue jays, TOR,CF,R
Vladimir Guerrero Jr.,https://www.fangraphs.com/players/vladimir-guerrero-jr/19611/,blue jays, TOR,1B,R
Alejandro Kirk,https://www.fangraphs.com/players/alejandro-kirk/22581/,blue jays, TOR,DH,R
Bo Bichette,https://www.fangraphs.com/players/bo-bichette/19612/,blue jays, TOR,SS,R
Teoscar Hernández,https://www.fangraphs.com/players/teoscar-hernandez/13066/,blue jays, TOR,RF,R
Lourdes Gurriel Jr.,https://www.fangraphs.com/players/lourdes-gurriel-jr/19238/,blue jays, TOR,LF,R
Matt Chapman,https://www.fangraphs.com/players/matt-chapman/16505/,blue jays, TOR,3B,R
Santiago Espinal,https://www.fangraphs.com/players/santiago-espinal/19997/,blue jays, TOR,2B,R
Danny Jansen,https://www.fangraphs.com/players/danny-jansen/16535/,blue jays, TOR,C,R
Zack Collins,https://www.fangraphs.com/players/zack-collins/19181/,blue jays, TOR,C/1B,L
Cavan Biggio,https://www.fangraphs.com/players/cavan-biggio/19252/,blue jays, TOR,INF/OF,L
Raimel Tapia,https://www.fangraphs.com/players/raimel-tapia/14350/,blue jays, TOR,OF,L
Bradley Zimmer,https://www.fangraphs.com/players/bradley-zimmer/16221/,blue jays, TOR,OF,L
José Berríos,https://www.fangraphs.com/players/jose-berrios/14168/,blue jays, TOR,SP,R
Ross Stripling,https://www.fangraphs.com/players/ross-stripling/13273/,blue jays, TOR,SP,R
Kevin Gausman,https://www.fangraphs.com/players/kevin-gausman/14107/,blue jays, TOR,SP,R
Alek Manoah,https://www.fangraphs.com/players/alek-manoah/26410/,blue jays, TOR,SP,R
Max Castillo,https://www.fangraphs.com/players/max-castillo/21956/,blue jays, TOR,SP,R
Jordan Romano,https://www.fangraphs.com/players/jordan-romano/16122/,blue jays, TOR,RP,R
Yimi Garcia,https://www.fangraphs.com/players/yimi-garcia/12095/,blue jays, TOR,RP,R
Tim Mayza,https://www.fangraphs.com/players/tim-mayza/15042/,blue jays, TOR,RP,L
Adam Cimber,https://www.fangraphs.com/players/adam-cimber/15288/,blue jays, TOR,RP,R
David Phelps,https://www.fangraphs.com/players/david-phelps/6316/,blue jays, TOR,RP,R
Sergio Romo,https://www.fangraphs.com/players/sergio-romo/9817/,blue jays, TOR,RP,R
Trevor Richards,https://www.fangraphs.com/players/trevor-richards/19309/,blue jays, TOR,RP,R
Anthony Banda,https://www.fangraphs.com/players/anthony-banda/14706/,blue jays, TOR,RP,L
Yusei Kikuchi,https://www.fangraphs.com/players/yusei-kikuchi/20633/,blue jays, TOR,SP,L
Nate Pearson,https://www.fangraphs.com/players/nate-pearson/20160/,blue jays, TOR,SP,R
Hyun Jin Ryu,https://www.fangraphs.com/players/hyun-jin-ryu/14444/,blue jays, TOR,SP,L
Julian Merryweather,https://www.fangraphs.com/players/julian-merryweather/16703/,blue jays, TOR,RP,R
Tayler Saucedo,https://www.fangraphs.com/players/tayler-saucedo/17888/,blue jays, TOR,RP,L
Andrew Vasquez,https://www.fangraphs.com/players/andrew-vasquez/19482/,blue jays, TOR,RP,L
Josh Rojas,https://www.fangraphs.com/players/josh-rojas/19734/,diamondbacks, ARI,3B,L
Alek Thomas,https://www.fangraphs.com/players/alek-thomas/23792/,diamondbacks, ARI,CF,L
Ketel Marte,https://www.fangraphs.com/players/ketel-marte/13613/,diamondbacks, ARI,DH,S
Christian Walker,https://www.fangraphs.com/players/christian-walker/13419/,diamondbacks, ARI,1B,R
David Peralta,https://www.fangraphs.com/players/david-peralta/2136/,diamondbacks, ARI,LF,L
Buddy Kennedy,https://www.fangraphs.com/players/buddy-kennedy/22505/,diamondbacks, ARI,2B,R
Daulton Varsho,https://www.fangraphs.com/players/daulton-varsho/19918/,diamondbacks, ARI,RF,L
Carson Kelly,https://www.fangraphs.com/players/carson-kelly/13620/,diamondbacks, ARI,C,R
Geraldo Perdomo,https://www.fangraphs.com/players/geraldo-perdomo/22799/,diamondbacks, ARI,SS,S
Jose Herrera,https://www.fangraphs.com/players/jose-herrera/17040/,diamondbacks, ARI,C,S
Sergio Alcántara,https://www.fangraphs.com/players/sergio-alcantara/16417/,diamondbacks, ARI,INF,S
Jordan Luplow,https://www.fangraphs.com/players/jordan-luplow/16424/,diamondbacks, ARI,OF/1B,R
Jake McCarthy,https://www.fangraphs.com/players/jake-mccarthy/21622/,diamondbacks, ARI,OF,L
Madison Bumgarner,https://www.fangraphs.com/players/madison-bumgarner/5524/,diamondbacks, ARI,SP,L
Tyler Gilbert,https://www.fangraphs.com/players/tyler-gilbert/17964/,diamondbacks, ARI,SP,L
Merrill Kelly,https://www.fangraphs.com/players/merrill-kelly/11156/,diamondbacks, ARI,SP,R
Dallas Keuchel,https://www.fangraphs.com/players/dallas-keuchel/9434/,diamondbacks, ARI,SP,L
Zac Gallen,https://www.fangraphs.com/players/zac-gallen/19291/,diamondbacks, ARI,SP,R
Mark Melancon,https://www.fangraphs.com/players/mark-melancon/4264/,diamondbacks, ARI,RP,R
Joe Mantiply,https://www.fangraphs.com/players/joe-mantiply/14857/,diamondbacks, ARI,RP,L
Noé Ramirez,https://www.fangraphs.com/players/noe-ramirez/12800/,diamondbacks, ARI,RP,R
Kyle Nelson,https://www.fangraphs.com/players/kyle-nelson/20515/,diamondbacks, ARI,RP,L
Caleb Smith,https://www.fangraphs.com/players/caleb-smith/14875/,diamondbacks, ARI,RP,L
Keynan Middleton,https://www.fangraphs.com/players/keynan-middleton/15264/,diamondbacks, ARI,RP,R
Luke Weaver,https://www.fangraphs.com/players/luke-weaver/16918/,diamondbacks, ARI,RP,R
Edwin Uceta,https://www.fangraphs.com/players/edwin-uceta/20539/,diamondbacks, ARI,RP,R
Nick Ahmed,https://www.fangraphs.com/players/nick-ahmed/12147/,diamondbacks, ARI,SS,R
Humberto Castellanos,https://www.fangraphs.com/players/humberto-castellanos/21183/,diamondbacks, ARI,SP,R
Zach Davies,https://www.fangraphs.com/players/zach-davies/13183/,diamondbacks, ARI,SP,R
J.B. Bukauskas,https://www.fangraphs.com/players/jb-bukauskas/20491/,diamondbacks, ARI,RP,R
Ian Kennedy,https://www.fangraphs.com/players/ian-kennedy/6986/,diamondbacks, ARI,RP,R
Ronald Acuña Jr.,https://www.fangraphs.com/players/ronald-acuna-jr/18401/,braves, ATL,RF,R
Dansby Swanson,https://www.fangraphs.com/players/dansby-swanson/18314/,braves, ATL,SS,R
Matt Olson,https://www.fangraphs.com/players/matt-olson/14344/,braves, ATL,1B,L
Austin Riley,https://www.fangraphs.com/players/austin-riley/18360/,braves, ATL,3B,R
Eddie Rosario,https://www.fangraphs.com/players/eddie-rosario/12155/,braves, ATL,LF,L
Travis d'Arnaud,https://www.fangraphs.com/players/travis-darnaud/7739/,braves, ATL,C,R
Marcell Ozuna,https://www.fangraphs.com/players/marcell-ozuna/10324/,braves, ATL,DH,R
Robinson Canó,https://www.fangraphs.com/players/robinson-cano/3269/,braves, ATL,2B,L
Michael Harris II,https://www.fangraphs.com/players/michael-harris-ii/25931/,braves, ATL,CF,L
William Contreras,https://www.fangraphs.com/players/william-contreras/20503/,braves, ATL,C/OF,R
Orlando Arcia,https://www.fangraphs.com/players/orlando-arcia/13185/,braves, ATL,INF/OF,R
Adam Duvall,https://www.fangraphs.com/players/adam-duvall/10950/,braves, ATL,OF,R
Guillermo Heredia,https://www.fangraphs.com/players/guillermo-heredia/18721/,braves, ATL,OF,R
Max Fried,https://www.fangraphs.com/players/max-fried/13743/,braves, ATL,SP,L
Spencer Strider,https://www.fangraphs.com/players/spencer-strider/27498/,braves, ATL,SP,R
Charlie Morton,https://www.fangraphs.com/players/charlie-morton/4676/,braves, ATL,SP,R
Kyle Wright,https://www.fangraphs.com/players/kyle-wright/19665/,braves, ATL,SP,R
Ian Anderson,https://www.fangraphs.com/players/ian-anderson/19951/,braves, ATL,SP,R
Kenley Jansen,https://www.fangraphs.com/players/kenley-jansen/3096/,braves, ATL,RP,R
A.J. Minter,https://www.fangraphs.com/players/aj-minter/18655/,braves, ATL,RP,L
Will Smith,https://www.fangraphs.com/players/will-smith/8048/,braves, ATL,RP,L
Collin McHugh,https://www.fangraphs.com/players/collin-mchugh/7531/,braves, ATL,RP,R
Tyler Matzek,https://www.fangraphs.com/players/tyler-matzek/10058/,braves, ATL,RP,L
Jesse Chavez,https://www.fangraphs.com/players/jesse-chavez/5448/,braves, ATL,RP,R
Dylan Lee,https://www.fangraphs.com/players/dylan-lee/19996/,braves, ATL,RP,L
Jackson Stephens,https://www.fangraphs.com/players/jackson-stephens/14420/,braves, ATL,RP,R
Manny Piña,https://www.fangraphs.com/players/manny-pina/2829/,braves, ATL,C,R
Ozzie Albies,https://www.fangraphs.com/players/ozzie-albies/16556/,braves, ATL,2B,S
Mike Soroka,https://www.fangraphs.com/players/mike-soroka/18383/,braves, ATL,SP,R
Darren O'Day,https://www.fangraphs.com/players/darren-oday/3321/,braves, ATL,RP,R
Luke Jackson,https://www.fangraphs.com/players/luke-jackson/11752/,braves, ATL,RP,R
Kirby Yates,https://www.fangraphs.com/players/kirby-yates/9073/,braves, ATL,RP,R
Rafael Ortega,https://www.fangraphs.com/players/rafael-ortega/10323/,cubs, CHC,CF,L
Willson Contreras,https://www.fangraphs.com/players/willson-contreras/11609/,cubs, CHC,DH,R
Ian Happ,https://www.fangraphs.com/players/ian-happ/17919/,cubs, CHC,LF,S
Seiya Suzuki,https://www.fangraphs.com/players/seiya-suzuki/30116/,cubs, CHC,RF,R
Nico Hoerner,https://www.fangraphs.com/players/nico-hoerner/21479/,cubs, CHC,SS,R
Patrick Wisdom,https://www.fangraphs.com/players/patrick-wisdom/13602/,cubs, CHC,3B,R
Alfonso Rivas,https://www.fangraphs.com/players/alfonso-rivas/21560/,cubs, CHC,1B,L
Yan Gomes,https://www.fangraphs.com/players/yan-gomes/9627/,cubs, CHC,C,R
Christopher Morel,https://www.fangraphs.com/players/christopher-morel/21897/,cubs, CHC,2B,R
P.J. Higgins,https://www.fangraphs.com/players/pj-higgins/18433/,cubs, CHC,C/INF,R
Frank Schwindel,https://www.fangraphs.com/players/frank-schwindel/15351/,cubs, CHC,1B,R
David Bote,https://www.fangraphs.com/players/david-bote/14593/,cubs, CHC,INF,R
Nelson Velázquez,https://www.fangraphs.com/players/nelson-velazquez/23359/,cubs, CHC,OF,R
Marcus Stroman,https://www.fangraphs.com/players/marcus-stroman/13431/,cubs, CHC,SP,R
Drew Smyly,https://www.fangraphs.com/players/drew-smyly/11760/,cubs, CHC,SP,L
Adrian Sampson,https://www.fangraphs.com/players/adrian-sampson/13339/,cubs, CHC,SP,R
Justin Steele,https://www.fangraphs.com/players/justin-steele/17312/,cubs, CHC,SP,L
Keegan Thompson,https://www.fangraphs.com/players/keegan-thompson/19795/,cubs, CHC,SP,R
David Robertson,https://www.fangraphs.com/players/david-robertson/8241/,cubs, CHC,RP,R
Mychal Givens,https://www.fangraphs.com/players/mychal-givens/10430/,cubs, CHC,RP,R
Chris Martin,https://www.fangraphs.com/players/chris-martin/11847/,cubs, CHC,RP,R
Scott Effross,https://www.fangraphs.com/players/scott-effross/18384/,cubs, CHC,RP,R
Rowan Wick,https://www.fangraphs.com/players/rowan-wick/14646/,cubs, CHC,RP,R
Brandon Hughes,https://www.fangraphs.com/players/brandon-hughes/23460/,cubs, CHC,RP,L
Daniel Norris,https://www.fangraphs.com/players/daniel-norris/13475/,cubs, CHC,RP,L
Mark Leiter Jr.,https://www.fangraphs.com/players/mark-leiter/15551/,cubs, CHC,RP,R
Nick Madrigal,https://www.fangraphs.com/players/nick-madrigal/20521/,cubs, CHC,2B,R
Andrelton Simmons,https://www.fangraphs.com/players/andrelton-simmons/10847/,cubs, CHC,INF,R
Michael Hermosillo,https://www.fangraphs.com/players/michael-hermosillo/16285/,cubs, CHC,OF,R
Jason Heyward,https://www.fangraphs.com/players/jason-heyward/4940/,cubs, CHC,OF,L
Adbert Alzolay,https://www.fangraphs.com/players/adbert-alzolay/17859/,cubs, CHC,SP,R
Kyle Hendricks,https://www.fangraphs.com/players/kyle-hendricks/12049/,cubs, CHC,SP,R
Wade Miley,https://www.fangraphs.com/players/wade-miley/8779/,cubs, CHC,SP,L
Alec Mills,https://www.fangraphs.com/players/alec-mills/13834/,cubs, CHC,SP,R
Codi Heuer,https://www.fangraphs.com/players/codi-heuer/23293/,cubs, CHC,RP,R
Ethan Roberts,https://www.fangraphs.com/players/ethan-roberts/24930/,cubs, CHC,RP,R
Manuel Rodríguez,https://www.fangraphs.com/players/manuel-rodriguez/20794/,cubs, CHC,RP,R
Brad Wieck,https://www.fangraphs.com/players/brad-wieck/16390/,cubs, CHC,RP,L
Jonathan India,https://www.fangraphs.com/players/jonathan-india/21523/,reds, CIN,2B,R
Brandon Drury,https://www.fangraphs.com/players/brandon-drury/11615/,reds, CIN,3B,R
Tommy Pham,https://www.fangraphs.com/players/tommy-pham/2967/,reds, CIN,LF,R
Joey Votto,https://www.fangraphs.com/players/joey-votto/4314/,reds, CIN,1B,L
Tyler Stephenson,https://www.fangraphs.com/players/tyler-stephenson/17988/,reds, CIN,C,R
Tyler Naquin,https://www.fangraphs.com/players/tyler-naquin/13359/,reds, CIN,RF,L
Kyle Farmer,https://www.fangraphs.com/players/kyle-farmer/14813/,reds, CIN,SS,R
Donovan Solano,https://www.fangraphs.com/players/donovan-solano/8623/,reds, CIN,DH,R
Nick Senzel,https://www.fangraphs.com/players/nick-senzel/19293/,reds, CIN,CF,R
Michael Papierski,https://www.fangraphs.com/players/michael-papierski/21386/,reds, CIN,C,S
Matt Reynolds,https://www.fangraphs.com/players/matt-reynolds/13788/,reds, CIN,INF/OF,R
Max Schrock,https://www.fangraphs.com/players/max-schrock/17750/,reds, CIN,INF/OF,L
Stuart Fairchild,https://www.fangraphs.com/players/stuart-fairchild/20321/,reds, CIN,OF,R
Luis Castillo,https://www.fangraphs.com/players/luis-castillo/15689/,reds, CIN,SP,R
Hunter Greene,https://www.fangraphs.com/players/hunter-greene/22182/,reds, CIN,SP,R
Nick Lodolo,https://www.fangraphs.com/players/nick-lodolo/26378/,reds, CIN,SP,L
Graham Ashcraft,https://www.fangraphs.com/players/graham-ashcraft/27552/,reds, CIN,SP,R
Mike Minor,https://www.fangraphs.com/players/mike-minor/10021/,reds, CIN,SP,L
Alexis Díaz,https://www.fangraphs.com/players/alexis-diaz/21132/,reds, CIN,RP,R
Hunter Strickland,https://www.fangraphs.com/players/hunter-strickland/7836/,reds, CIN,RP,R
Jeff Hoffman,https://www.fangraphs.com/players/jeff-hoffman/17432/,reds, CIN,RP,R
Reiver Sanmartin,https://www.fangraphs.com/players/reiver-sanmartin/19754/,reds, CIN,RP,L
Ian Gibaut,https://www.fangraphs.com/players/ian-gibaut/17871/,reds, CIN,RP,R
Joel Kuhnel,https://www.fangraphs.com/players/joel-kuhnel/19995/,reds, CIN,RP,R
Dauri Moreta,https://www.fangraphs.com/players/dauri-moreta/21101/,reds, CIN,RP,R
Buck Farmer,https://www.fangraphs.com/players/buck-farmer/14814/,reds, CIN,RP,R
Aramis Garcia,https://www.fangraphs.com/players/aramis-garcia/16925/,reds, CIN,C,R
Mike Moustakas,https://www.fangraphs.com/players/mike-moustakas/4892/,reds, CIN,3B,L
Jake Fraley,https://www.fangraphs.com/players/jake-fraley/19260/,reds, CIN,OF,L
Albert Almora Jr.,https://www.fangraphs.com/players/albert-almora-jr/14109/,reds, CIN,OF,R
Aristides Aquino,https://www.fangraphs.com/players/aristides-aquino/15482/,reds, CIN,OF,R
Justin Dunn,https://www.fangraphs.com/players/justin-dunn/19268/,reds, CIN,SP,R
Vladimir Gutierrez,https://www.fangraphs.com/players/vladimir-gutierrez/19278/,reds, CIN,SP,R
Tyler Mahle,https://www.fangraphs.com/players/tyler-mahle/16358/,reds, CIN,SP,R
Connor Overton,https://www.fangraphs.com/players/connor-overton/18376/,reds, CIN,SP,R
Tejay Antone,https://www.fangraphs.com/players/tejay-antone/16233/,reds, CIN,RP,R
Luis Cessa,https://www.fangraphs.com/players/luis-cessa/13345/,reds, CIN,RP,R
Ross Detwiler,https://www.fangraphs.com/players/ross-detwiler/2859/,reds, CIN,RP,L
Daniel Duarte,https://www.fangraphs.com/players/daniel-duarte/17480/,reds, CIN,RP,R
Tony Santillan,https://www.fangraphs.com/players/tony-santillan/19926/,reds, CIN,RP,R
Lucas Sims,https://www.fangraphs.com/players/lucas-sims/13470/,reds, CIN,RP,R
Art Warren,https://www.fangraphs.com/players/art-warren/18251/,reds, CIN,RP,R
Justin Wilson,https://www.fangraphs.com/players/justin-wilson/4301/,reds, CIN,RP,L
Connor Joe,https://www.fangraphs.com/players/connor-joe/16572/,rockies, COL,RF,R
Kris Bryant,https://www.fangraphs.com/players/kris-bryant/15429/,rockies, COL,LF,R
Charlie Blackmon,https://www.fangraphs.com/players/charlie-blackmon/7859/,rockies, COL,DH,L
C.J. Cron,https://www.fangraphs.com/players/cj-cron/12546/,rockies, COL,1B,R
Brendan Rodgers,https://www.fangraphs.com/players/brendan-rodgers/17907/,rockies, COL,2B,R
Ryan McMahon,https://www.fangraphs.com/players/ryan-mcmahon/15112/,rockies, COL,3B,L
José Iglesias,https://www.fangraphs.com/players/jose-iglesias/10231/,rockies, COL,SS,R
Randal Grichuk,https://www.fangraphs.com/players/randal-grichuk/10243/,rockies, COL,CF,R
Elias Díaz,https://www.fangraphs.com/players/elias-diaz/11680/,rockies, COL,C,R
Brian Serven,https://www.fangraphs.com/players/brian-serven/19422/,rockies, COL,C,R
Garrett Hampson,https://www.fangraphs.com/players/garrett-hampson/19262/,rockies, COL,INF/OF,R
Yonathan Daza,https://www.fangraphs.com/players/yonathan-daza/15794/,rockies, COL,OF,R
Sam Hilliard,https://www.fangraphs.com/players/sam-hilliard/17954/,rockies, COL,OF,L
Germán Márquez,https://www.fangraphs.com/players/german-marquez/15038/,rockies, COL,SP,R
José Ureña,https://www.fangraphs.com/players/jose-urena/11589/,rockies, COL,SP,R
Austin Gomber,https://www.fangraphs.com/players/austin-gomber/16561/,rockies, COL,SP,L
Chad Kuhl,https://www.fangraphs.com/players/chad-kuhl/14975/,rockies, COL,SP,R
Kyle Freeland,https://www.fangraphs.com/players/kyle-freeland/16256/,rockies, COL,SP,L
Daniel Bard,https://www.fangraphs.com/players/daniel-bard/7115/,rockies, COL,RP,R
Alex Colomé,https://www.fangraphs.com/players/alex-colome/6661/,rockies, COL,RP,R
Carlos Estévez,https://www.fangraphs.com/players/carlos-estevez/14542/,rockies, COL,RP,R
Lucas Gilbreath,https://www.fangraphs.com/players/lucas-gilbreath/21290/,rockies, COL,RP,L
Robert Stephenson,https://www.fangraphs.com/players/robert-stephenson/13594/,rockies, COL,RP,R
Jake Bird,https://www.fangraphs.com/players/jake-bird/21267/,rockies, COL,RP,R
Ty Blach,https://www.fangraphs.com/players/ty-blach/14361/,rockies, COL,RP,L
Jhoulys Chacín,https://www.fangraphs.com/players/jhoulys-chacin/2608/,rockies, COL,RP,R
Sean Bouchard,https://www.fangraphs.com/players/sean-bouchard/21270/,rockies, COL,OF/INF,R
Helcris Olivarez,https://www.fangraphs.com/players/helcris-olivarez/sa3002965/,rockies, COL,SP,L
Ryan Rolison,https://www.fangraphs.com/players/ryan-rolison/sa3008244/,rockies, COL,SP,L
Antonio Senzatela,https://www.fangraphs.com/players/antonio-senzatela/15488/,rockies, COL,SP,R
Tyler Kinley,https://www.fangraphs.com/players/tyler-kinley/18297/,rockies, COL,RP,R
Scott Oberg,https://www.fangraphs.com/players/scott-oberg/13911/,rockies, COL,RP,R
Mookie Betts,https://www.fangraphs.com/players/mookie-betts/13611/,dodgers, LAD,RF,R
Trea Turner,https://www.fangraphs.com/players/trea-turner/16252/,dodgers, LAD,SS,R
Freddie Freeman,https://www.fangraphs.com/players/freddie-freeman/5361/,dodgers, LAD,1B,L
Will Smith,https://www.fangraphs.com/players/will-smith/19197/,dodgers, LAD,C,R
Justin Turner,https://www.fangraphs.com/players/justin-turner/5235/,dodgers, LAD,3B,R
Jake Lamb,https://www.fangraphs.com/players/jake-lamb/13329/,dodgers, LAD,DH,L
Cody Bellinger,https://www.fangraphs.com/players/cody-bellinger/15998/,dodgers, LAD,CF,L
Max Muncy,https://www.fangraphs.com/players/max-muncy/13301/,dodgers, LAD,2B,L
Gavin Lux,https://www.fangraphs.com/players/gavin-lux/19955/,dodgers, LAD,LF,L
Austin Barnes,https://www.fangraphs.com/players/austin-barnes/12158/,dodgers, LAD,C,R
Hanser Alberto,https://www.fangraphs.com/players/hanser-alberto/11902/,dodgers, LAD,INF/OF,R
Zach McKinstry,https://www.fangraphs.com/players/zach-mckinstry/19392/,dodgers, LAD,INF/OF,L
Trayce Thompson,https://www.fangraphs.com/players/trayce-thompson/9952/,dodgers, LAD,OF,R
Clayton Kershaw,https://www.fangraphs.com/players/clayton-kershaw/2036/,dodgers, LAD,SP,L
Julio Urías,https://www.fangraphs.com/players/julio-urias/14765/,dodgers, LAD,SP,L
Mitch White,https://www.fangraphs.com/players/mitch-white/19225/,dodgers, LAD,SP,R
Tony Gonsolin,https://www.fangraphs.com/players/tony-gonsolin/19388/,dodgers, LAD,SP,R
Tyler Anderson,https://www.fangraphs.com/players/tyler-anderson/12880/,dodgers, LAD,SP,L
Craig Kimbrel,https://www.fangraphs.com/players/craig-kimbrel/6655/,dodgers, LAD,RP,R
Evan Phillips,https://www.fangraphs.com/players/evan-phillips/17734/,dodgers, LAD,RP,R
Alex Vesia,https://www.fangraphs.com/players/alex-vesia/25007/,dodgers, LAD,RP,L
Yency Almonte,https://www.fangraphs.com/players/yency-almonte/15068/,dodgers, LAD,RP,R
Phil Bickford,https://www.fangraphs.com/players/phil-bickford/18519/,dodgers, LAD,RP,R
Caleb Ferguson,https://www.fangraphs.com/players/caleb-ferguson/19349/,dodgers, LAD,RP,L
Reyes Moronta,https://www.fangraphs.com/players/reyes-moronta/14966/,dodgers, LAD,RP,R
David Price,https://www.fangraphs.com/players/david-price/3184/,dodgers, LAD,RP,L
Edwin Ríos,https://www.fangraphs.com/players/edwin-rios/18316/,dodgers, LAD,INF/OF,L
Kevin Pillar,https://www.fangraphs.com/players/kevin-pillar/12434/,dodgers, LAD,OF,R
Chris Taylor,https://www.fangraphs.com/players/chris-taylor/13757/,dodgers, LAD,OF/INF,R
Walker Buehler,https://www.fangraphs.com/players/walker-buehler/19374/,dodgers, LAD,SP,R
Andrew Heaney,https://www.fangraphs.com/players/andrew-heaney/15423/,dodgers, LAD,SP,L
Dustin May,https://www.fangraphs.com/players/dustin-may/19716/,dodgers, LAD,SP,R
Danny Duffy,https://www.fangraphs.com/players/danny-duffy/3542/,dodgers, LAD,RP,L
Victor González,https://www.fangraphs.com/players/victor-gonzalez/16408/,dodgers, LAD,RP,L
Brusdar Graterol,https://www.fangraphs.com/players/brusdar-graterol/20367/,dodgers, LAD,RP,R
Daniel Hudson,https://www.fangraphs.com/players/daniel-hudson/7146/,dodgers, LAD,RP,R
Tommy Kahnle,https://www.fangraphs.com/players/tommy-kahnle/11384/,dodgers, LAD,RP,R
Jimmy Nelson,https://www.fangraphs.com/players/jimmy-nelson/10547/,dodgers, LAD,RP,R
Blake Treinen,https://www.fangraphs.com/players/blake-treinen/12572/,dodgers, LAD,RP,R
Joey Wendle,https://www.fangraphs.com/players/joey-wendle/13853/,marlins, MIA,2B,L
Jon Berti,https://www.fangraphs.com/players/jon-berti/12037/,marlins, MIA,LF,R
Garrett Cooper,https://www.fangraphs.com/players/garrett-cooper/15279/,marlins, MIA,DH,R
Jesús Aguilar,https://www.fangraphs.com/players/jesus-aguilar/11342/,marlins, MIA,1B,R
Avisaíl García,https://www.fangraphs.com/players/avisail-garcia/5760/,marlins, MIA,RF,R
Brian Anderson,https://www.fangraphs.com/players/brian-anderson/18289/,marlins, MIA,3B,R
Jesús Sánchez,https://www.fangraphs.com/players/jesus-sanchez/19913/,marlins, MIA,CF,L
Miguel Rojas,https://www.fangraphs.com/players/miguel-rojas/7802/,marlins, MIA,SS,R
Jacob Stallings,https://www.fangraphs.com/players/jacob-stallings/13723/,marlins, MIA,C,R
Nick Fortes,https://www.fangraphs.com/players/nick-fortes/21538/,marlins, MIA,C,R
Luke Williams,https://www.fangraphs.com/players/luke-williams/19931/,marlins, MIA,INF/OF,R
Bryan De La Cruz,https://www.fangraphs.com/players/bryan-de-la-cruz/19600/,marlins, MIA,OF,R
Billy Hamilton,https://www.fangraphs.com/players/billy-hamilton/10199/,marlins, MIA,OF,R
Sandy Alcantara,https://www.fangraphs.com/players/sandy-alcantara/18684/,marlins, MIA,SP,R
Trevor Rogers,https://www.fangraphs.com/players/trevor-rogers/22286/,marlins, MIA,SP,R
Pablo López,https://www.fangraphs.com/players/pablo-lopez/17085/,marlins, MIA,SP,L
Braxton Garrett,https://www.fangraphs.com/players/braxton-garrett/21844/,marlins, MIA,SP,R
Tanner Scott,https://www.fangraphs.com/players/tanner-scott/17586/,marlins, MIA,SP,L
Anthony Bass,https://www.fangraphs.com/players/anthony-bass/7982/,marlins, MIA,RP,L
Steven Okert,https://www.fangraphs.com/players/steven-okert/13580/,marlins, MIA,RP,R
Dylan Floro,https://www.fangraphs.com/players/dylan-floro/13394/,marlins, MIA,RP,L
Jimmy Yacabonis,https://www.fangraphs.com/players/jimmy-yacabonis/15157/,marlins, MIA,RP,R
Zach Pop,https://www.fangraphs.com/players/zach-pop/20185/,marlins, MIA,RP,R
Richard Bleier,https://www.fangraphs.com/players/richard-bleier/7803/,marlins, MIA,RP,R
Daniel Castano,https://www.fangraphs.com/players/daniel-castano/19805/,marlins, MIA,RP,L
Elieser Hernandez,https://www.fangraphs.com/players/elieser-hernandez/16933/,marlins, MIA,RP,L
Jazz Chisholm Jr.,https://www.fangraphs.com/players/jazz-chisholm-jr/20454/,marlins, MIA,RP,R
Jorge Soler,https://www.fangraphs.com/players/jorge-soler/14221/,marlins, MIA,2B,L
Edward Cabrera,https://www.fangraphs.com/players/edward-cabrera/21690/,marlins, MIA,OF,R
Jesús Luzardo,https://www.fangraphs.com/players/jesus-luzardo/19959/,marlins, MIA,SP,R
Cody Poteet,https://www.fangraphs.com/players/cody-poteet/18769/,marlins, MIA,SP,L
Anthony Bender,https://www.fangraphs.com/players/anthony-bender/19742/,marlins, MIA,SP,R
Paul Campbell,https://www.fangraphs.com/players/paul-campbell/22248/,marlins, MIA,RP,R
Sean Guenther,https://www.fangraphs.com/players/sean-guenther/20045/,marlins, MIA,RP,R
Cole Sulser,https://www.fangraphs.com/players/cole-sulser/15256/,marlins, MIA,RP,L
Christian Yelich,https://www.fangraphs.com/players/christian-yelich/11477/,brewers, MIL,LF,L
Willy Adames,https://www.fangraphs.com/players/willy-adames/15986/,brewers, MIL,SS,R
Rowdy Tellez,https://www.fangraphs.com/players/rowdy-tellez/15679/,brewers, MIL,1B,L
Andrew McCutchen,https://www.fangraphs.com/players/andrew-mccutchen/9847/,brewers, MIL,DH,R
Kolten Wong,https://www.fangraphs.com/players/kolten-wong/12532/,brewers, MIL,2B,L
Luis Urías,https://www.fangraphs.com/players/luis-urias/16622/,brewers, MIL,3B,R
Jace Peterson,https://www.fangraphs.com/players/jace-peterson/12325/,brewers, MIL,RF,L
Hunter Renfroe,https://www.fangraphs.com/players/hunter-renfroe/15464/,brewers, MIL,CF,R
Omar Narváez,https://www.fangraphs.com/players/omar-narvaez/13338/,brewers, MIL,C,L
Victor Caratini,https://www.fangraphs.com/players/victor-caratini/14968/,brewers, MIL,C/1B,S
Pedro Severino,https://www.fangraphs.com/players/pedro-severino/14523/,brewers, MIL,C,R
Mike Brosseau,https://www.fangraphs.com/players/mike-brosseau/19683/,brewers, MIL,INF/OF,R
Jonathan Davis,https://www.fangraphs.com/players/jonathan-davis/15104/,brewers, MIL,OF,R
Corbin Burnes,https://www.fangraphs.com/players/corbin-burnes/19361/,brewers, MIL,SP,R
Brandon Woodruff,https://www.fangraphs.com/players/brandon-woodruff/16162/,brewers, MIL,SP,R
Eric Lauer,https://www.fangraphs.com/players/eric-lauer/19316/,brewers, MIL,SP,L
Jason Alexander,https://www.fangraphs.com/players/jason-alexander/19666/,brewers, MIL,SP,R
Aaron Ashby,https://www.fangraphs.com/players/aaron-ashby/23550/,brewers, MIL,SP,L
Josh Hader,https://www.fangraphs.com/players/josh-hader/14212/,brewers, MIL,RP,L
Devin Williams,https://www.fangraphs.com/players/devin-williams/15816/,brewers, MIL,RP,R
Brad Boxberger,https://www.fangraphs.com/players/brad-boxberger/10133/,brewers, MIL,RP,R
Trevor Gott,https://www.fangraphs.com/players/trevor-gott/15046/,brewers, MIL,RP,R
Brent Suter,https://www.fangraphs.com/players/brent-suter/13942/,brewers, MIL,RP,L
Hoby Milner,https://www.fangraphs.com/players/hoby-milner/13346/,brewers, MIL,RP,L
Connor Sadzeck,https://www.fangraphs.com/players/connor-sadzeck/13483/,brewers, MIL,RP,R
Jandel Gustave,https://www.fangraphs.com/players/jandel-gustave/14665/,brewers, MIL,RP,R
Alex Jackson,https://www.fangraphs.com/players/alex-jackson/17276/,brewers, MIL,C,R
Tyrone Taylor,https://www.fangraphs.com/players/tyrone-taylor/13675/,brewers, MIL,OF,R
Adrian Houser,https://www.fangraphs.com/players/adrian-houser/12718/,brewers, MIL,SP,R
Freddy Peralta,https://www.fangraphs.com/players/freddy-peralta/18679/,brewers, MIL,SP,R
Jake Cousins,https://www.fangraphs.com/players/jake-cousins/21620/,brewers, MIL,RP,R
Luis Perdomo,https://www.fangraphs.com/players/luis-perdomo/14682/,brewers, MIL,RP,R
Miguel Sánchez,https://www.fangraphs.com/players/miguel-sanchez/20074/,brewers, MIL,RP,R
Justin Topa,https://www.fangraphs.com/players/justin-topa/15145/,brewers, MIL,RP,R
Brandon Nimmo,https://www.fangraphs.com/players/brandon-nimmo/12927/,mets, NYM,CF,L
Starling Marte,https://www.fangraphs.com/players/starling-marte/9241/,mets, NYM,RF,R
Francisco Lindor,https://www.fangraphs.com/players/francisco-lindor/12916/,mets, NYM,SS,S
Pete Alonso,https://www.fangraphs.com/players/pete-alonso/19251/,mets, NYM,1B,R
Jeff McNeil,https://www.fangraphs.com/players/jeff-mcneil/15362/,mets, NYM,DH,L
Mark Canha,https://www.fangraphs.com/players/mark-canha/11445/,mets, NYM,LF,R
Luis Guillorme,https://www.fangraphs.com/players/luis-guillorme/16451/,mets, NYM,2B,L
Eduardo Escobar,https://www.fangraphs.com/players/eduardo-escobar/6153/,mets, NYM,3B,S
Tomás Nido,https://www.fangraphs.com/players/tomas-nido/13755/,mets, NYM,C,R
Patrick Mazeika,https://www.fangraphs.com/players/patrick-mazeika/18142/,mets, NYM,C,L
Dominic Smith,https://www.fangraphs.com/players/dominic-smith/15653/,mets, NYM,1B/OF,L
J.D. Davis,https://www.fangraphs.com/players/jd-davis/16219/,mets, NYM,3B/1B,R
Travis Jankowski,https://www.fangraphs.com/players/travis-jankowski/13768/,mets, NYM,OF,L
Max Scherzer,https://www.fangraphs.com/players/max-scherzer/3137/,mets, NYM,SP,R
David Peterson,https://www.fangraphs.com/players/david-peterson/20302/,mets, NYM,SP,L
Chris Bassitt,https://www.fangraphs.com/players/chris-bassitt/12304/,mets, NYM,SP,R
Carlos Carrasco,https://www.fangraphs.com/players/carlos-carrasco/6632/,mets, NYM,SP,R
Taijuan Walker,https://www.fangraphs.com/players/taijuan-walker/11836/,mets, NYM,SP,R
Edwin Díaz,https://www.fangraphs.com/players/edwin-diaz/14710/,mets, NYM,RP,R
Seth Lugo,https://www.fangraphs.com/players/seth-lugo/12447/,mets, NYM,RP,R
Adam Ottavino,https://www.fangraphs.com/players/adam-ottavino/1247/,mets, NYM,RP,R
Drew Smith,https://www.fangraphs.com/players/drew-smith/17755/,mets, NYM,RP,R
Joely Rodríguez,https://www.fangraphs.com/players/joely-rodriguez/11487/,mets, NYM,RP,L
Tommy Hunter,https://www.fangraphs.com/players/tommy-hunter/1157/,mets, NYM,RP,R
Colin Holderman,https://www.fangraphs.com/players/colin-holderman/22361/,mets, NYM,RP,R
Trevor Williams,https://www.fangraphs.com/players/trevor-williams/16977/,mets, NYM,RP,R
James McCann,https://www.fangraphs.com/players/james-mccann/12859/,mets, NYM,C,R
Jacob deGrom,https://www.fangraphs.com/players/jacob-degrom/10954/,mets, NYM,SP,R
Joey Lucchesi,https://www.fangraphs.com/players/joey-lucchesi/19320/,mets, NYM,SP,L
Tylor Megill,https://www.fangraphs.com/players/tylor-megill/21318/,mets, NYM,SP,R
John Curtiss,https://www.fangraphs.com/players/john-curtiss/16128/,mets, NYM,RP,R
Trevor May,https://www.fangraphs.com/players/trevor-may/6398/,mets, NYM,RP,R
Sean Reid-Foley,https://www.fangraphs.com/players/sean-reid-foley/17034/,mets, NYM,RP,R
Kyle Schwarber,https://www.fangraphs.com/players/kyle-schwarber/16478/,phillies, PHI,LF,L
Rhys Hoskins,https://www.fangraphs.com/players/rhys-hoskins/16472/,phillies, PHI,1B,R
Nick Castellanos,https://www.fangraphs.com/players/nick-castellanos/11737/,phillies, PHI,RF,R
Darick Hall,https://www.fangraphs.com/players/darick-hall/19717/,phillies, PHI,DH,L
J.T. Realmuto,https://www.fangraphs.com/players/jt-realmuto/11739/,phillies, PHI,C,R
Didi Gregorius,https://www.fangraphs.com/players/didi-gregorius/6012/,phillies, PHI,SS,L
Alec Bohm,https://www.fangraphs.com/players/alec-bohm/21618/,phillies, PHI,3B,R
Bryson Stott,https://www.fangraphs.com/players/bryson-stott/26294/,phillies, PHI,2B,L
Matt Vierling,https://www.fangraphs.com/players/matt-vierling/21558/,phillies, PHI,CF,R
Garrett Stubbs,https://www.fangraphs.com/players/garrett-stubbs/18067/,phillies, PHI,C,L
Yairo Muñoz,https://www.fangraphs.com/players/yairo-munoz/16313/,phillies, PHI,INF/OF,R
Odúbel Herrera,https://www.fangraphs.com/players/odubel-herrera/11476/,phillies, PHI,OF,L
Mickey Moniak,https://www.fangraphs.com/players/mickey-moniak/19956/,phillies, PHI,OF,L
Aaron Nola,https://www.fangraphs.com/players/aaron-nola/16149/,phillies, PHI,SP,R
Zack Wheeler,https://www.fangraphs.com/players/zack-wheeler/10310/,phillies, PHI,SP,R
Cristopher Sánchez,https://www.fangraphs.com/players/cristopher-sanchez/20778/,phillies, PHI,SP,L
Kyle Gibson,https://www.fangraphs.com/players/kyle-gibson/10123/,phillies, PHI,SP,R
Seranthony Domínguez,https://www.fangraphs.com/players/seranthony-dominguez/19249/,phillies, PHI,RP,R
Brad Hand,https://www.fangraphs.com/players/brad-hand/9111/,phillies, PHI,RP,L
Corey Knebel,https://www.fangraphs.com/players/corey-knebel/15010/,phillies, PHI,RP,R
José Alvarado,https://www.fangraphs.com/players/jose-alvarado/17780/,phillies, PHI,RP,L
Andrew Bellatti,https://www.fangraphs.com/players/andrew-bellatti/10657/,phillies, PHI,RP,R
Nick Nelson,https://www.fangraphs.com/players/nick-nelson/20153/,phillies, PHI,RP,R
Jeurys Familia,https://www.fangraphs.com/players/jeurys-familia/5114/,phillies, PHI,RP,R
Cristopher Sánchez,https://www.fangraphs.com/players/cristopher-sanchez/20778/,phillies, PHI,RP,L
Mark Appel,https://www.fangraphs.com/players/mark-appel/14823/,phillies, PHI,RP,R
Jean Segura,https://www.fangraphs.com/players/jean-segura/5933/,phillies, PHI,2B,R
Johan Camargo,https://www.fangraphs.com/players/johan-camargo/14950/,phillies, PHI,INF,S
Nick Maton,https://www.fangraphs.com/players/nick-maton/21635/,phillies, PHI,INF,L
Bryce Harper,https://www.fangraphs.com/players/bryce-harper/11579/,phillies, PHI,OF,L
Zach Eflin,https://www.fangraphs.com/players/zach-eflin/13774/,phillies, PHI,SP,R
James McArthur,https://www.fangraphs.com/players/james-mcarthur/sa3007715/,phillies, PHI,SP,R
Ranger Suárez,https://www.fangraphs.com/players/ranger-suarez/17277/,phillies, PHI,SP,L
Connor Brogdon,https://www.fangraphs.com/players/connor-brogdon/21205/,phillies, PHI,RP,R
Sam Coonrod,https://www.fangraphs.com/players/sam-coonrod/17264/,phillies, PHI,RP,R
Damon Jones,https://www.fangraphs.com/players/damon-jones/23310/,phillies, PHI,RP,L
JoJo Romero,https://www.fangraphs.com/players/jojo-romero/19574/,phillies, PHI,RP,L
Ryan Sherriff,https://www.fangraphs.com/players/ryan-sherriff/12249/,phillies, PHI,RP,L
Ben Gamel,https://www.fangraphs.com/players/ben-gamel/12160/,pirates, PIT,RF,L
Daniel Vogelbach,https://www.fangraphs.com/players/daniel-vogelbach/14130/,pirates, PIT,DH,L
Ke'Bryan Hayes,https://www.fangraphs.com/players/kebryan-hayes/18577/,pirates, PIT,3B,R
Yoshi Tsutsugo,https://www.fangraphs.com/players/yoshi-tsutsugo/27459/,pirates, PIT,1B,L
Oneil Cruz,https://www.fangraphs.com/players/oneil-cruz/21711/,pirates, PIT,SS,L
Kevin Newman,https://www.fangraphs.com/players/kevin-newman/17696/,pirates, PIT,2B,R
Jack Suwinski,https://www.fangraphs.com/players/jack-suwinski/22244/,pirates, PIT,LF,L
Michael Perez,https://www.fangraphs.com/players/michael-perez/12977/,pirates, PIT,C,L
Jake Marisnick,https://www.fangraphs.com/players/jake-marisnick/11339/,pirates, PIT,CF,R
Jason Delay,https://www.fangraphs.com/players/jason-delay/19806/,pirates, PIT,C,R
Michael Chavis,https://www.fangraphs.com/players/michael-chavis/17321/,pirates, PIT,INF,R
Diego Castillo,https://www.fangraphs.com/players/diego-castillo/19906/,pirates, PIT,INF/OF,R
Josh VanMeter,https://www.fangraphs.com/players/josh-vanmeter/15170/,pirates, PIT,INF/OF,L
José Quintana,https://www.fangraphs.com/players/jose-quintana/11423/,pirates, PIT,SP,L
Mitch Keller,https://www.fangraphs.com/players/mitch-keller/17594/,pirates, PIT,SP,R
JT Brubaker,https://www.fangraphs.com/players/jt-brubaker/17578/,pirates, PIT,SP,R
Zach Thompson,https://www.fangraphs.com/players/zach-thompson/16094/,pirates, PIT,SP,R
David Bednar,https://www.fangraphs.com/players/david-bednar/19569/,pirates, PIT,RP,R
Yerry De Los Santos,https://www.fangraphs.com/players/yerry-de-los-santos/21420/,pirates, PIT,RP,R
Wil Crowe,https://www.fangraphs.com/players/wil-crowe/19800/,pirates, PIT,RP,R
Chris Stratton,https://www.fangraphs.com/players/chris-stratton/13761/,pirates, PIT,RP,R
Duane Underwood Jr.,https://www.fangraphs.com/players/duane-underwood-jr/14677/,pirates, PIT,RP,R
Dillon Peters,https://www.fangraphs.com/players/dillon-peters/18790/,pirates, PIT,RP,L
Chase De Jong,https://www.fangraphs.com/players/chase-de-jong/15036/,pirates, PIT,RP,R
Manny Bañuelos,https://www.fangraphs.com/players/manny-banuelos/5365/,pirates, PIT,RP,L
Tyler Beede,https://www.fangraphs.com/players/tyler-beede/16981/,pirates, PIT,RP,R
Roberto Pérez,https://www.fangraphs.com/players/roberto-perez/2900/,pirates, PIT,C,R
Greg Allen,https://www.fangraphs.com/players/greg-allen/16623/,pirates, PIT,OF,S
Bryan Reynolds,https://www.fangraphs.com/players/bryan-reynolds/19326/,pirates, PIT,OF,S
Canaan Smith-Njigba,https://www.fangraphs.com/players/canaan-smith-njigba/23264/,pirates, PIT,OF,L
Max Kranick,https://www.fangraphs.com/players/max-kranick/22175/,pirates, PIT,SP,R
Blake Cederlind,https://www.fangraphs.com/players/blake-cederlind/20344/,pirates, PIT,RP,R
Nick Mears,https://www.fangraphs.com/players/nick-mears/25376/,pirates, PIT,RP,R
Trent Grisham,https://www.fangraphs.com/players/trent-grisham/18564/,padres, SDP,CF,L
Jake Cronenworth,https://www.fangraphs.com/players/jake-cronenworth/18036/,padres, SDP,2B,L
Manny Machado,https://www.fangraphs.com/players/manny-machado/11493/,padres, SDP,3B,R
Nomar Mazara,https://www.fangraphs.com/players/nomar-mazara/14553/,padres, SDP,RF,L
Luke Voit,https://www.fangraphs.com/players/luke-voit/14811/,padres, SDP,DH,R
Eric Hosmer,https://www.fangraphs.com/players/eric-hosmer/3516/,padres, SDP,1B,L
Jorge Alfaro,https://www.fangraphs.com/players/jorge-alfaro/12180/,padres, SDP,C,R
Ha-Seong Kim,https://www.fangraphs.com/players/ha-seong-kim/27506/,padres, SDP,SS,R
Esteury Ruiz,https://www.fangraphs.com/players/esteury-ruiz/21780/,padres, SDP,LF,R
Austin Nola,https://www.fangraphs.com/players/austin-nola/15941/,padres, SDP,C,R
C.J. Abrams,https://www.fangraphs.com/players/cj-abrams/25768/,padres, SDP,INF,L
Matthew Batten,https://www.fangraphs.com/players/matt-batten/20157/,padres, SDP,INF/OF,R
José Azocar,https://www.fangraphs.com/players/jose-azocar/18821/,padres, SDP,OF,R
Joe Musgrove,https://www.fangraphs.com/players/joe-musgrove/12970/,padres, SDP,SP,R
Blake Snell,https://www.fangraphs.com/players/blake-snell/13543/,padres, SDP,SP,L
Yu Darvish,https://www.fangraphs.com/players/yu-darvish/13074/,padres, SDP,SP,R
Sean Manaea,https://www.fangraphs.com/players/sean-manaea/15873/,padres, SDP,SP,L
Mike Clevinger,https://www.fangraphs.com/players/mike-clevinger/12808/,padres, SDP,SP,R
Taylor Rogers,https://www.fangraphs.com/players/taylor-rogers/13449/,padres, SDP,RP,L
Luis García,https://www.fangraphs.com/players/luis-garcia/6984/,padres, SDP,RP,R
Nabil Crismatt,https://www.fangraphs.com/players/nabil-crismatt/17732/,padres, SDP,RP,R
Adrian Morejon,https://www.fangraphs.com/players/adrian-morejon/20039/,padres, SDP,RP,L
Tim Hill,https://www.fangraphs.com/players/tim-hill/16814/,padres, SDP,RP,L
Tayler Scott,https://www.fangraphs.com/players/tayler-scott/13652/,padres, SDP,RP,R
MacKenzie Gore,https://www.fangraphs.com/players/mackenzie-gore/22201/,padres, SDP,RP,L
Nick Martinez,https://www.fangraphs.com/players/nick-martinez/12730/,padres, SDP,RP,R
Fernando Tatis Jr.,https://www.fangraphs.com/players/fernando-tatis-jr/19709/,padres, SDP,SS,R
Matt Beaty,https://www.fangraphs.com/players/matt-beaty/17710/,padres, SDP,OF/1B,L
Wil Myers,https://www.fangraphs.com/players/wil-myers/10047/,padres, SDP,OF,R
Jurickson Profar,https://www.fangraphs.com/players/jurickson-profar/10815/,padres, SDP,OF,S
Austin Adams,https://www.fangraphs.com/players/austin-adams/13801/,padres, SDP,RP,R
Pierce Johnson,https://www.fangraphs.com/players/pierce-johnson/13435/,padres, SDP,RP,R
Drew Pomeranz,https://www.fangraphs.com/players/drew-pomeranz/11426/,padres, SDP,RP,L
Craig Stammen,https://www.fangraphs.com/players/craig-stammen/7274/,padres, SDP,RP,R
Robert Suarez,https://www.fangraphs.com/players/robert-suarez/30115/,padres, SDP,RP,R
Steven Wilson,https://www.fangraphs.com/players/steven-wilson/20353/,padres, SDP,RP,R
LaMonte Wade Jr.,https://www.fangraphs.com/players/lamonte-wade-jr/18126/,giants, SFG,RF,L
Joc Pederson,https://www.fangraphs.com/players/joc-pederson/11899/,giants, SFG,LF,L
Wilmer Flores,https://www.fangraphs.com/players/wilmer-flores/5827/,giants, SFG,2B,R
Brandon Belt,https://www.fangraphs.com/players/brandon-belt/10264/,giants, SFG,1B,L
Luis González,https://www.fangraphs.com/players/luis-gonzalez/20332/,giants, SFG,DH,L
David Villar,https://www.fangraphs.com/players/david-villar/24782/,giants, SFG,3B,R
Mike Yastrzemski,https://www.fangraphs.com/players/mike-yastrzemski/14854/,giants, SFG,CF,L
Brandon Crawford,https://www.fangraphs.com/players/brandon-crawford/5343/,giants, SFG,SS,L
Joey Bart,https://www.fangraphs.com/players/joey-bart/21524/,giants, SFG,C,R
Yermín Mercedes,https://www.fangraphs.com/players/yermin-mercedes/17423/,giants, SFG,C/1B,R
Austin Wynns,https://www.fangraphs.com/players/austin-wynns/15271/,giants, SFG,C/1B,R
Darin Ruf,https://www.fangraphs.com/players/darin-ruf/9929/,giants, SFG,1B/OF,R
Thairo Estrada,https://www.fangraphs.com/players/thairo-estrada/16426/,giants, SFG,INF/OF,R
Austin Slater,https://www.fangraphs.com/players/austin-slater/16153/,giants, SFG,OF,R
Logan Webb,https://www.fangraphs.com/players/logan-webb/17995/,giants, SFG,SP,R
Carlos Rodón,https://www.fangraphs.com/players/carlos-rodon/16137/,giants, SFG,SP,L
Alex Wood,https://www.fangraphs.com/players/alex-wood/13781/,giants, SFG,SP,L
Alex Cobb,https://www.fangraphs.com/players/alex-cobb/6562/,giants, SFG,SP,R
Camilo Doval,https://www.fangraphs.com/players/camilo-doval/21992/,giants, SFG,RP,R
Dominic Leone,https://www.fangraphs.com/players/dominic-leone/13763/,giants, SFG,RP,R
Tyler Rogers,https://www.fangraphs.com/players/tyler-rogers/15541/,giants, SFG,RP,R
John Brebbia,https://www.fangraphs.com/players/john-brebbia/12777/,giants, SFG,RP,R
Jarlín García,https://www.fangraphs.com/players/jarlin-garcia/18282/,giants, SFG,RP,L
Mauricio Llovera,https://www.fangraphs.com/players/mauricio-llovera/20080/,giants, SFG,RP,R
Yunior Marte,https://www.fangraphs.com/players/yunior-marte/14416/,giants, SFG,RP,R
Sam Long,https://www.fangraphs.com/players/sammy-long/25379/,giants, SFG,RP,L
Curt Casali,https://www.fangraphs.com/players/curt-casali/12510/,giants, SFG,C,R
Evan Longoria,https://www.fangraphs.com/players/evan-longoria/9368/,giants, SFG,3B,R
Colton Welker,https://www.fangraphs.com/players/colton-welker/19961/,giants, SFG,3B,R
Tommy La Stella,https://www.fangraphs.com/players/tommy-la-stella/12371/,giants, SFG,INF,L
Matthew Boyd,https://www.fangraphs.com/players/matthew-boyd/15440/,giants, SFG,SP,L
Anthony DeSclafani,https://www.fangraphs.com/players/anthony-desclafani/13050/,giants, SFG,SP,R
Jakob Junis,https://www.fangraphs.com/players/jakob-junis/13619/,giants, SFG,SP,R
Sam Delaplane,https://www.fangraphs.com/players/samuel-delaplane/sa3004222/,giants, SFG,RP,R
José Álvarez,https://www.fangraphs.com/players/jose-alvarez/5358/,giants, SFG,RP,L
Zack Littell,https://www.fangraphs.com/players/zack-littell/15823/,giants, SFG,RP,R
Tommy Edman,https://www.fangraphs.com/players/tommy-edman/19470/,cardinals, STL,SS,S
Dylan Carlson,https://www.fangraphs.com/players/dylan-carlson/20126/,cardinals, STL,CF,S
Paul Goldschmidt,https://www.fangraphs.com/players/paul-goldschmidt/9218/,cardinals, STL,1B,R
Nolan Arenado,https://www.fangraphs.com/players/nolan-arenado/9777/,cardinals, STL,3B,R
Nolan Gorman,https://www.fangraphs.com/players/nolan-gorman/22263/,cardinals, STL,2B,L
Tyler O'Neill,https://www.fangraphs.com/players/tyler-oneill/15711/,cardinals, STL,LF,R
Brendan Donovan,https://www.fangraphs.com/players/brendan-donovan/24679/,cardinals, STL,RF,L
Juan Yepez,https://www.fangraphs.com/players/juan-yepez/18400/,cardinals, STL,DH,R
Andrew Knizner,https://www.fangraphs.com/players/andrew-knizner/19514/,cardinals, STL,C,R
Austin Romine,https://www.fangraphs.com/players/austin-romine/5491/,cardinals, STL,C,R
Albert Pujols,https://www.fangraphs.com/players/albert-pujols/1177/,cardinals, STL,1B,R
Edmundo Sosa,https://www.fangraphs.com/players/edmundo-sosa/17022/,cardinals, STL,INF,R
Corey Dickerson,https://www.fangraphs.com/players/corey-dickerson/10762/,cardinals, STL,OF,L
Adam Wainwright,https://www.fangraphs.com/players/adam-wainwright/2233/,cardinals, STL,SP,R
Dakota Hudson,https://www.fangraphs.com/players/dakota-hudson/19206/,cardinals, STL,SP,R
Andre Pallante,https://www.fangraphs.com/players/neil-pallante/26108/,cardinals, STL,SP,R
Miles Mikolas,https://www.fangraphs.com/players/miles-mikolas/9803/,cardinals, STL,SP,R
Ryan Helsley,https://www.fangraphs.com/players/ryan-helsley/18138/,cardinals, STL,RP,R
Giovanny Gallegos,https://www.fangraphs.com/players/giovanny-gallegos/14986/,cardinals, STL,RP,R
Génesis Cabrera,https://www.fangraphs.com/players/genesis-cabrera/17490/,cardinals, STL,RP,L
Jordan Hicks,https://www.fangraphs.com/players/jordan-hicks/19618/,cardinals, STL,RP,R
Junior Fernández,https://www.fangraphs.com/players/junior-fernandez/18496/,cardinals, STL,RP,R
Johan Oviedo,https://www.fangraphs.com/players/johan-oviedo/22487/,cardinals, STL,RP,R
T.J. McFarland,https://www.fangraphs.com/players/tj-mcfarland/3237/,cardinals, STL,RP,L
Packy Naughton,https://www.fangraphs.com/players/packy-naughton/23292/,cardinals, STL,RP,L
Drew VerHagen,https://www.fangraphs.com/players/drew-verhagen/13424/,cardinals, STL,RP,R
Yadier Molina,https://www.fangraphs.com/players/yadier-molina/7007/,cardinals, STL,C,R
Harrison Bader,https://www.fangraphs.com/players/harrison-bader/18030/,cardinals, STL,OF,R
Jack Flaherty,https://www.fangraphs.com/players/jack-flaherty/17479/,cardinals, STL,SP,R
Steven Matz,https://www.fangraphs.com/players/steven-matz/13361/,cardinals, STL,SP,L
Alex Reyes,https://www.fangraphs.com/players/alex-reyes/15015/,cardinals, STL,RP,R
Luis García,https://www.fangraphs.com/players/luis-garcia/20391/,nationals, WSN,SS,L
Josh Bell,https://www.fangraphs.com/players/josh-bell/13145/,nationals, WSN,1B,S
Juan Soto,https://www.fangraphs.com/players/juan-soto/20123/,nationals, WSN,RF,L
Nelson Cruz,https://www.fangraphs.com/players/nelson-cruz/2434/,nationals, WSN,DH,R
Yadiel Hernandez,https://www.fangraphs.com/players/yadiel-hernandez/19334/,nationals, WSN,LF,L
Keibert Ruiz,https://www.fangraphs.com/players/keibert-ruiz/19610/,nationals, WSN,C,S
César Hernández,https://www.fangraphs.com/players/cesar-hernandez/10556/,nationals, WSN,2B,S
Maikel Franco,https://www.fangraphs.com/players/maikel-franco/12179/,nationals, WSN,3B,R
Lane Thomas,https://www.fangraphs.com/players/lane-thomas/16939/,nationals, WSN,CF,R
Tres Barrera,https://www.fangraphs.com/players/tres-barrera/19977/,nationals, WSN,C,R
Alcides Escobar,https://www.fangraphs.com/players/alcides-escobar/6310/,nationals, WSN,INF,R
Ehire Adrianza,https://www.fangraphs.com/players/ehire-adrianza/8418/,nationals, WSN,INF/OF,S
Victor Robles,https://www.fangraphs.com/players/victor-robles/18363/,nationals, WSN,OF,R
Josiah Gray,https://www.fangraphs.com/players/josiah-gray/24580/,nationals, WSN,SP,R
Erick Fedde,https://www.fangraphs.com/players/erick-fedde/17425/,nationals, WSN,SP,R
Aníbal Sánchez,https://www.fangraphs.com/players/anibal-sanchez/3284/,nationals, WSN,SP,R
Patrick Corbin,https://www.fangraphs.com/players/patrick-corbin/9323/,nationals, WSN,SP,L
Paolo Espino,https://www.fangraphs.com/players/paolo-espino/8246/,nationals, WSN,SP,R
Kyle Finnegan,https://www.fangraphs.com/players/kyle-finnegan/15009/,nationals, WSN,RP,R
Carl Edwards Jr.,https://www.fangraphs.com/players/carl-edwards-jr/13607/,nationals, WSN,RP,R
Steve Cishek,https://www.fangraphs.com/players/steve-cishek/6483/,nationals, WSN,RP,R
Andres Machado,https://www.fangraphs.com/players/andres-machado/14681/,nationals, WSN,RP,R
Jordan Weems,https://www.fangraphs.com/players/jordan-weems/13190/,nationals, WSN,RP,R
Hunter Harvey,https://www.fangraphs.com/players/hunter-harvey/15507/,nationals, WSN,RP,R
Tyler Clippard,https://www.fangraphs.com/players/tyler-clippard/5640/,nationals, WSN,RP,R
Erasmo Ramírez,https://www.fangraphs.com/players/erasmo-ramirez/10314/,nationals, WSN,RP,R
Carter Kieboom,https://www.fangraphs.com/players/carter-kieboom/19958/,nationals, WSN,3B,R
Seth Romero,https://www.fangraphs.com/players/seth-romero/21333/,nationals, WSN,SP,L
Joe Ross,https://www.fangraphs.com/players/joe-ross/12972/,nationals, WSN,SP,R
Stephen Strasburg,https://www.fangraphs.com/players/stephen-strasburg/10131/,nationals, WSN,SP,R
Jackson Tetreault,https://www.fangraphs.com/players/jackson-tetreault/20565/,nationals, WSN,SP,R
Víctor Arano,https://www.fangraphs.com/players/victor-arano/15915/,nationals, WSN,RP,R
Sean Doolittle,https://www.fangraphs.com/players/sean-doolittle/1581/,nationals, WSN,RP,L
Reed Garrett,https://www.fangraphs.com/players/reed-garrett/16866/,nationals, WSN,RP,R
Will Harris,https://www.fangraphs.com/players/will-harris/3192/,nationals, WSN,RP,R
Evan Lee,https://www.fangraphs.com/players/evan-lee/24988/,nationals, WSN,RP,L
Tanner Rainey,https://www.fangraphs.com/players/tanner-rainey/17610/,nationals, WSN,RP,R
Josh Rogers,https://www.fangraphs.com/players/josh-rogers/18510/,nationals, WSN,RP,L
